Time,CH1
0.00000000,0.0392
0.00000200,0.0172
0.00000400,0.1166
0.00000600,0.0696
0.00000800,0.1947
0.00001000,0.1603
0.00001200,0.2675
0.00001400,0.2912
0.00001600,0.3231
0.00001800,0.2983
0.00002000,0.3871
0.00002200,0.3881
0.00002400,0.4704
0.00002600,0.5209
0.00002800,0.5733
0.00003000,0.5700
0.00003200,0.6264
0.00003400,0.6241
0.00003600,0.6319
0.00003800,0.6939
0.00004000,0.7414
0.00004200,0.7544
0.00004400,0.8225
0.00004600,0.8330
0.00004800,0.8522
0.00005000,0.8986
0.00005200,0.9953
0.00005400,0.9887
0.00005600,1.0505
0.00005800,1.1009
0.00006000,1.1485
0.00006200,1.1009
0.00006400,1.1776
0.00006600,1.1934
0.00006800,1.2474
0.00007000,1.2406
0.00007200,1.2955
0.00007400,1.3512
0.00007600,1.3609
0.00007800,1.4063
0.00008000,1.4143
0.00008200,1.5271
0.00008400,1.5479
0.00008600,1.5557
0.00008800,1.5912
0.00009000,1.6043
0.00009200,1.6735
0.00009400,1.6473
0.00009600,1.6566
0.00009800,1.7770
0.00010000,1.7669
0.00010200,1.7643
0.00010400,1.8587
0.00010600,1.8644
0.00010800,1.9167
0.00011000,1.9298
0.00011200,1.9868
0.00011400,1.9613
0.00011600,2.0072
0.00011800,2.0125
0.00012000,2.0457
0.00012200,2.1055
0.00012400,2.1299
0.00012600,2.1598
0.00012800,2.1224
0.00013000,2.1941
0.00013200,2.2585
0.00013400,2.2216
0.00013600,2.2339
0.00013800,2.2504
0.00014000,2.3589
0.00014200,2.2985
0.00014400,2.4082
0.00014600,2.3613
0.00014800,2.4102
0.00015000,2.4509
0.00015200,2.4089
0.00015400,2.4314
0.00015600,2.5158
0.00015800,2.4647
0.00016000,2.5408
0.00016200,2.5146
0.00016400,2.5374
0.00016600,2.5516
0.00016800,2.5771
0.00017000,2.6691
0.00017200,2.6115
0.00017400,2.6546
0.00017600,2.6464
0.00017800,2.7030
0.00018000,2.6809
0.00018200,2.7350
0.00018400,2.7133
0.00018600,2.7547
0.00018800,2.7939
0.00019000,2.8346
0.00019200,2.8011
0.00019400,2.7811
0.00019600,2.8263
0.00019800,2.8129
0.00020000,2.8543
0.00020200,2.9081
0.00020400,2.8984
0.00020600,2.8703
0.00020800,2.9043
0.00021000,2.8876
0.00021200,2.9091
0.00021400,2.8909
0.00021600,2.9251
0.00021800,2.9736
0.00022000,2.9732
0.00022200,2.9550
0.00022400,2.9555
0.00022600,2.9963
0.00022800,2.9230
0.00023000,2.9999
0.00023200,3.0123
0.00023400,2.9585
0.00023600,2.9721
0.00023800,3.0169
0.00024000,3.0379
0.00024200,3.0439
0.00024400,2.9856
0.00024600,2.9527
0.00024800,3.0241
0.00025000,3.0484
0.00025200,2.9734
0.00025400,2.9960
0.00025600,2.9523
0.00025800,3.0054
0.00026000,2.9606
0.00026200,2.9523
0.00026400,2.9750
0.00026600,3.0103
0.00026800,3.0258
0.00027000,3.0149
0.00027200,2.9929
0.00027400,2.9223
0.00027600,2.9332
0.00027800,2.9529
0.00028000,2.9200
0.00028200,2.9410
0.00028400,2.9560
0.00028600,2.9011
0.00028800,2.9530
0.00029000,2.9190
0.00029200,2.9348
0.00029400,2.8642
0.00029600,2.9121
0.00029800,2.8908
0.00030000,2.8939
0.00030200,2.8448
0.00030400,2.8433
0.00030600,2.7746
0.00030800,2.8523
0.00031000,2.8328
0.00031200,2.7409
0.00031400,2.7112
0.00031600,2.7236
0.00031800,2.7502
0.00032000,2.6762
0.00032200,2.7248
0.00032400,2.7057
0.00032600,2.6489
0.00032800,2.6352
0.00033000,2.6135
0.00033200,2.6194
0.00033400,2.6119
0.00033600,2.5319
0.00033800,2.5845
0.00034000,2.5050
0.00034200,2.5080
0.00034400,2.4656
0.00034600,2.5026
0.00034800,2.4781
0.00035000,2.4697
0.00035200,2.4104
0.00035400,2.3410
0.00035600,2.3389
0.00035800,2.3376
0.00036000,2.2917
0.00036200,2.2375
0.00036400,2.2274
0.00036600,2.2412
0.00036800,2.2467
0.00037000,2.1629
0.00037200,2.1935
0.00037400,2.0902
0.00037600,2.1506
0.00037800,2.0804
0.00038000,2.1021
0.00038200,2.0328
0.00038400,1.9587
0.00038600,1.9935
0.00038800,1.9721
0.00039000,1.9369
0.00039200,1.8526
0.00039400,1.8106
0.00039600,1.8630
0.00039800,1.7957
0.00040000,1.7948
0.00040200,1.7399
0.00040400,1.6820
0.00040600,1.6574
0.00040800,1.6826
0.00041000,1.6480
0.00041200,1.5613
0.00041400,1.5846
0.00041600,1.5336
0.00041800,1.4507
0.00042000,1.4048
0.00042200,1.4251
0.00042400,1.3728
0.00042600,1.3712
0.00042800,1.3089
0.00043000,1.2952
0.00043200,1.2175
0.00043400,1.2403
0.00043600,1.1549
0.00043800,1.1319
0.00044000,1.0701
0.00044200,1.0282
0.00044400,1.0654
0.00044600,1.0227
0.00044800,1.0033
0.00045000,0.9618
0.00045200,0.9252
0.00045400,0.8489
0.00045600,0.7902
0.00045800,0.7435
0.00046000,0.7672
0.00046200,0.7035
0.00046400,0.6450
0.00046600,0.5946
0.00046800,0.6230
0.00047000,0.5597
0.00047200,0.5050
0.00047400,0.4859
0.00047600,0.4457
0.00047800,0.4124
0.00048000,0.4101
0.00048200,0.3802
0.00048400,0.2995
0.00048600,0.2959
0.00048800,0.2723
0.00049000,0.2019
0.00049200,0.1220
0.00049400,0.1372
0.00049600,0.1073
0.00049800,0.0718
0.00050000,-0.0248
0.00050200,-0.0584
0.00050400,-0.0770
0.00050600,-0.1079
0.00050800,-0.1108
0.00051000,-0.1989
0.00051200,-0.1876
0.00051400,-0.2549
0.00051600,-0.2820
0.00051800,-0.3285
0.00052000,-0.3593
0.00052200,-0.4579
0.00052400,-0.4317
0.00052600,-0.4682
0.00052800,-0.5457
0.00053000,-0.5412
0.00053200,-0.5992
0.00053400,-0.6150
0.00053600,-0.6533
0.00053800,-0.6995
0.00054000,-0.7180
0.00054200,-0.7792
0.00054400,-0.7880
0.00054600,-0.8604
0.00054800,-0.8688
0.00055000,-0.8894
0.00055200,-0.9298
0.00055400,-0.9923
0.00055600,-1.0648
0.00055800,-1.0449
0.00056000,-1.1090
0.00056200,-1.1169
0.00056400,-1.1623
0.00056600,-1.2441
0.00056800,-1.2017
0.00057000,-1.3249
0.00057200,-1.2985
0.00057400,-1.3587
0.00057600,-1.3957
0.00057800,-1.3814
0.00058000,-1.4520
0.00058200,-1.5234
0.00058400,-1.4626
0.00058600,-1.5072
0.00058800,-1.6032
0.00059000,-1.6469
0.00059200,-1.6576
0.00059400,-1.6606
0.00059600,-1.6900
0.00059800,-1.6965
0.00060000,-1.7817
0.00060200,-1.7516
0.00060400,-1.7937
0.00060600,-1.8894
0.00060800,-1.9022
0.00061000,-1.9519
0.00061200,-1.9608
0.00061400,-1.9903
0.00061600,-1.9773
0.00061800,-2.0266
0.00062000,-2.0075
0.00062200,-2.0716
0.00062400,-2.0840
0.00062600,-2.1602
0.00062800,-2.1481
0.00063000,-2.1720
0.00063200,-2.1642
0.00063400,-2.1889
0.00063600,-2.2964
0.00063800,-2.2981
0.00064000,-2.2832
0.00064200,-2.3081
0.00064400,-2.3223
0.00064600,-2.4004
0.00064800,-2.4536
0.00065000,-2.4268
0.00065200,-2.3998
0.00065400,-2.4939
0.00065600,-2.4881
0.00065800,-2.5401
0.00066000,-2.5453
0.00066200,-2.5176
0.00066400,-2.6073
0.00066600,-2.5741
0.00066800,-2.5683
0.00067000,-2.6758
0.00067200,-2.6913
0.00067400,-2.6670
0.00067600,-2.6542
0.00067800,-2.6563
0.00068000,-2.6654
0.00068200,-2.7570
0.00068400,-2.7003
0.00068600,-2.7724
0.00068800,-2.8127
0.00069000,-2.7421
0.00069200,-2.8034
0.00069400,-2.7944
0.00069600,-2.8436
0.00069800,-2.8134
0.00070000,-2.8855
0.00070200,-2.9139
0.00070400,-2.8682
0.00070600,-2.8423
0.00070800,-2.8506
0.00071000,-2.9550
0.00071200,-2.8805
0.00071400,-2.9219
0.00071600,-2.8921
0.00071800,-2.9836
0.00072000,-2.9431
0.00072200,-2.9292
0.00072400,-2.9285
0.00072600,-2.9804
0.00072800,-2.9790
0.00073000,-2.9528
0.00073200,-2.9523
0.00073400,-2.9578
0.00073600,-2.9941
0.00073800,-2.9416
0.00074000,-2.9744
0.00074200,-3.0058
0.00074400,-2.9989
0.00074600,-2.9521
0.00074800,-3.0460
0.00075000,-2.9783
0.00075200,-2.9892
0.00075400,-2.9515
0.00075600,-3.0189
0.00075800,-2.9472
0.00076000,-2.9566
0.00076200,-3.0104
0.00076400,-2.9972
0.00076600,-2.9510
0.00076800,-2.9704
0.00077000,-2.9871
0.00077200,-2.9731
0.00077400,-2.9583
0.00077600,-2.9664
0.00077800,-2.9104
0.00078000,-2.9681
0.00078200,-2.9369
0.00078400,-2.9811
0.00078600,-2.9635
0.00078800,-2.8709
0.00079000,-2.8644
0.00079200,-2.8715
0.00079400,-2.8837
0.00079600,-2.8906
0.00079800,-2.9098
0.00080000,-2.8612
0.00080200,-2.8542
0.00080400,-2.8138
0.00080600,-2.7716
0.00080800,-2.7763
0.00081000,-2.8326
0.00081200,-2.7300
0.00081400,-2.7528
0.00081600,-2.7913
0.00081800,-2.7784
0.00082000,-2.7309
0.00082200,-2.6730
0.00082400,-2.6561
0.00082600,-2.6722
0.00082800,-2.6616
0.00083000,-2.6115
0.00083200,-2.5934
0.00083400,-2.5610
0.00083600,-2.5957
0.00083800,-2.5871
0.00084000,-2.4958
0.00084200,-2.5485
0.00084400,-2.4623
0.00084600,-2.4377
0.00084800,-2.4674
0.00085000,-2.3853
0.00085200,-2.4499
0.00085400,-2.4016
0.00085600,-2.3361
0.00085800,-2.3293
0.00086000,-2.2931
0.00086200,-2.2940
0.00086400,-2.2363
0.00086600,-2.2042
0.00086800,-2.1786
0.00087000,-2.2062
0.00087200,-2.1831
0.00087400,-2.1031
0.00087600,-2.0650
0.00087800,-2.0927
0.00088000,-2.0938
0.00088200,-2.0237
0.00088400,-1.9967
0.00088600,-1.9295
0.00088800,-1.8929
0.00089000,-1.9618
0.00089200,-1.9241
0.00089400,-1.8085
0.00089600,-1.7825
0.00089800,-1.7758
0.00090000,-1.7430
0.00090200,-1.7708
0.00090400,-1.6809
0.00090600,-1.7058
0.00090800,-1.6536
0.00091000,-1.5824
0.00091200,-1.5621
0.00091400,-1.5289
0.00091600,-1.5173
0.00091800,-1.4351
0.00092000,-1.4882
0.00092200,-1.4319
0.00092400,-1.3775
0.00092600,-1.3208
0.00092800,-1.2626
0.00093000,-1.2765
0.00093200,-1.1957
0.00093400,-1.2173
0.00093600,-1.1887
0.00093800,-1.1672
0.00094000,-1.1228
0.00094200,-1.0227
0.00094400,-1.0246
0.00094600,-1.0027
0.00094800,-0.9860
0.00095000,-0.9187
0.00095200,-0.8659
0.00095400,-0.9029
0.00095600,-0.8103
0.00095800,-0.8071
0.00096000,-0.7118
0.00096200,-0.7410
0.00096400,-0.7159
0.00096600,-0.6717
0.00096800,-0.5661
0.00097000,-0.5344
0.00097200,-0.5546
0.00097400,-0.4970
0.00097600,-0.4121
0.00097800,-0.4019
0.00098000,-0.3858
0.00098200,-0.3447
0.00098400,-0.3300
0.00098600,-0.3049
0.00098800,-0.1963
0.00099000,-0.2240
0.00099200,-0.1176
0.00099400,-0.1403
0.00099600,-0.0703
0.00099800,-0.0412
0.00100000,0.0386
0.00100200,0.0343
0.00100400,0.0907
0.00100600,0.0703
0.00100800,0.1899
0.00101000,0.1932
0.00101200,0.2006
0.00101400,0.2352
0.00101600,0.3160
0.00101800,0.3884
0.00102000,0.4126
0.00102200,0.4541
0.00102400,0.4223
0.00102600,0.4928
0.00102800,0.5675
0.00103000,0.5399
0.00103200,0.5713
0.00103400,0.6137
0.00103600,0.6663
0.00103800,0.6875
0.00104000,0.7458
0.00104200,0.7600
0.00104400,0.8067
0.00104600,0.8293
0.00104800,0.8746
0.00105000,0.9557
0.00105200,0.9303
0.00105400,0.9753
0.00105600,1.0452
0.00105800,1.0834
0.00106000,1.0602
0.00106200,1.1868
0.00106400,1.1887
0.00106600,1.2526
0.00106800,1.1985
0.00107000,1.2557
0.00107200,1.3270
0.00107400,1.3592
0.00107600,1.3803
0.00107800,1.4313
0.00108000,1.4879
0.00108200,1.5180
0.00108400,1.4766
0.00108600,1.5536
0.00108800,1.6107
0.00109000,1.5845
0.00109200,1.5912
0.00109400,1.6509
0.00109600,1.6567
0.00109800,1.6970
0.00110000,1.8086
0.00110200,1.8433
0.00110400,1.8722
0.00110600,1.8827
0.00110800,1.9052
0.00111000,1.8647
0.00111200,1.9137
0.00111400,1.9406
0.00111600,1.9563
0.00111800,2.0583
0.00112000,2.0275
0.00112200,2.1103
0.00112400,2.1346
0.00112600,2.0885
0.00112800,2.1883
0.00113000,2.1499
0.00113200,2.2476
0.00113400,2.2450
0.00113600,2.2310
0.00113800,2.3019
0.00114000,2.3529
0.00114200,2.3221
0.00114400,2.3466
0.00114600,2.4210
0.00114800,2.4301
0.00115000,2.4257
0.00115200,2.4709
0.00115400,2.4277
0.00115600,2.5162
0.00115800,2.4838
0.00116000,2.5415
0.00116200,2.5917
0.00116400,2.6142
0.00116600,2.5635
0.00116800,2.5686
0.00117000,2.6479
0.00117200,2.6036
0.00117400,2.6505
0.00117600,2.7096
0.00117800,2.7020
0.00118000,2.7401
0.00118200,2.7423
0.00118400,2.7547
0.00118600,2.7671
0.00118800,2.7860
0.00119000,2.7950
0.00119200,2.7806
0.00119400,2.8553
0.00119600,2.8626
0.00119800,2.8442
0.00120000,2.8122
0.00120200,2.8983
0.00120400,2.8512
0.00120600,2.8758
0.00120800,2.8845
0.00121000,2.9522
0.00121200,2.9569
0.00121400,2.8871
0.00121600,2.9813
0.00121800,2.9460
0.00122000,2.9094
0.00122200,2.9794
0.00122400,2.9880
0.00122600,2.9210
0.00122800,2.9236
0.00123000,3.0209
0.00123200,2.9829
0.00123400,3.0044
0.00123600,3.0257
0.00123800,2.9537
0.00124000,2.9947
0.00124200,3.0432
0.00124400,3.0203
0.00124600,2.9746
0.00124800,3.0083
0.00125000,2.9785
0.00125200,2.9737
0.00125400,2.9764
0.00125600,2.9696
0.00125800,3.0341
0.00126000,2.9738
0.00126200,3.0196
0.00126400,2.9442
0.00126600,2.9462
0.00126800,2.9612
0.00127000,2.9891
0.00127200,2.9949
0.00127400,2.9590
0.00127600,2.9538
0.00127800,2.9091
0.00128000,2.9676
0.00128200,2.9712
0.00128400,2.9778
0.00128600,2.8894
0.00128800,2.9504
0.00129000,2.8944
0.00129200,2.9174
0.00129400,2.8881
0.00129600,2.9176
0.00129800,2.8389
0.00130000,2.8486
0.00130200,2.8020
0.00130400,2.7925
0.00130600,2.8510
0.00130800,2.7780
0.00131000,2.8251
0.00131200,2.8023
0.00131400,2.7455
0.00131600,2.7002
0.00131800,2.6927
0.00132000,2.7577
0.00132200,2.7160
0.00132400,2.6349
0.00132600,2.6411
0.00132800,2.6043
0.00133000,2.5815
0.00133200,2.5804
0.00133400,2.6156
0.00133600,2.5559
0.00133800,2.5596
0.00134000,2.5511
0.00134200,2.5225
0.00134400,2.4678
0.00134600,2.4465
0.00134800,2.4986
0.00135000,2.4531
0.00135200,2.3575
0.00135400,2.3886
0.00135600,2.4023
0.00135800,2.3703
0.00136000,2.3283
0.00136200,2.2960
0.00136400,2.2667
0.00136600,2.2004
0.00136800,2.1976
0.00137000,2.1834
0.00137200,2.1214
0.00137400,2.1406
0.00137600,2.0974
0.00137800,2.0881
0.00138000,2.0659
0.00138200,2.0035
0.00138400,1.9752
0.00138600,1.9951
0.00138800,1.9416
0.00139000,1.9043
0.00139200,1.8594
0.00139400,1.8338
0.00139600,1.7762
0.00139800,1.7676
0.00140000,1.7325
0.00140200,1.7826
0.00140400,1.7128
0.00140600,1.6875
0.00140800,1.6116
0.00141000,1.6360
0.00141200,1.6002
0.00141400,1.4938
0.00141600,1.5168
0.00141800,1.5098
0.00142000,1.4930
0.00142200,1.3948
0.00142400,1.3807
0.00142600,1.3749
0.00142800,1.2845
0.00143000,1.2697
0.00143200,1.2270
0.00143400,1.2309
0.00143600,1.1884
0.00143800,1.1622
0.00144000,1.0846
0.00144200,1.0707
0.00144400,1.0631
0.00144600,1.0083
0.00144800,0.9669
0.00145000,0.9651
0.00145200,0.8676
0.00145400,0.8271
0.00145600,0.8361
0.00145800,0.8079
0.00146000,0.7764
0.00146200,0.6931
0.00146400,0.6870
0.00146600,0.5932
0.00146800,0.5925
0.00147000,0.5191
0.00147200,0.5391
0.00147400,0.4579
0.00147600,0.4653
0.00147800,0.3831
0.00148000,0.3871
0.00148200,0.3216
0.00148400,0.2775
0.00148600,0.2706
0.00148800,0.2745
0.00149000,0.1988
0.00149200,0.1962
0.00149400,0.1454
0.00149600,0.0468
0.00149800,-0.0008
0.00150000,-0.0002
0.00150200,-0.0624
0.00150400,-0.1024
0.00150600,-0.1071
0.00150800,-0.1554
0.00151000,-0.2291
0.00151200,-0.2332
0.00151400,-0.2928
0.00151600,-0.3427
0.00151800,-0.3495
0.00152000,-0.3320
0.00152200,-0.3772
0.00152400,-0.4683
0.00152600,-0.5147
0.00152800,-0.5207
0.00153000,-0.5150
0.00153200,-0.6067
0.00153400,-0.6722
0.00153600,-0.6322
0.00153800,-0.7253
0.00154000,-0.7312
0.00154200,-0.8059
0.00154400,-0.8356
0.00154600,-0.8201
0.00154800,-0.9152
0.00155000,-0.8946
0.00155200,-0.9346
0.00155400,-1.0396
0.00155600,-1.0747
0.00155800,-1.0965
0.00156000,-1.0701
0.00156200,-1.1193
0.00156400,-1.1931
0.00156600,-1.2560
0.00156800,-1.2191
0.00157000,-1.2630
0.00157200,-1.2911
0.00157400,-1.3024
0.00157600,-1.3496
0.00157800,-1.3753
0.00158000,-1.4597
0.00158200,-1.5074
0.00158400,-1.5266
0.00158600,-1.5061
0.00158800,-1.5354
0.00159000,-1.5891
0.00159200,-1.6048
0.00159400,-1.6821
0.00159600,-1.6935
0.00159800,-1.7394
0.00160000,-1.7913
0.00160200,-1.8200
0.00160400,-1.8422
0.00160600,-1.8925
0.00160800,-1.9312
0.00161000,-1.9058
0.00161200,-1.9862
0.00161400,-2.0087
0.00161600,-1.9868
0.00161800,-2.0232
0.00162000,-2.0256
0.00162200,-2.0453
0.00162400,-2.1273
0.00162600,-2.0858
0.00162800,-2.1294
0.00163000,-2.2120
0.00163200,-2.2454
0.00163400,-2.2666
0.00163600,-2.3003
0.00163800,-2.2729
0.00164000,-2.3213
0.00164200,-2.3287
0.00164400,-2.3181
0.00164600,-2.4282
0.00164800,-2.4122
0.00165000,-2.4170
0.00165200,-2.4107
0.00165400,-2.4303
0.00165600,-2.4534
0.00165800,-2.5320
0.00166000,-2.5370
0.00166200,-2.5408
0.00166400,-2.5708
0.00166600,-2.5677
0.00166800,-2.6583
0.00167000,-2.6072
0.00167200,-2.6069
0.00167400,-2.6216
0.00167600,-2.6539
0.00167800,-2.6966
0.00168000,-2.7059
0.00168200,-2.6935
0.00168400,-2.7809
0.00168600,-2.7598
0.00168800,-2.7915
0.00169000,-2.7582
0.00169200,-2.8215
0.00169400,-2.8112
0.00169600,-2.7949
0.00169800,-2.8636
0.00170000,-2.8584
0.00170200,-2.8721
0.00170400,-2.8946
0.00170600,-2.9069
0.00170800,-2.9239
0.00171000,-2.8842
0.00171200,-2.9279
0.00171400,-2.9551
0.00171600,-2.9085
0.00171800,-2.9296
0.00172000,-2.9646
0.00172200,-2.9159
0.00172400,-2.9751
0.00172600,-2.9914
0.00172800,-3.0185
0.00173000,-2.9821
0.00173200,-2.9572
0.00173400,-2.9388
0.00173600,-2.9580
0.00173800,-3.0154
0.00174000,-3.0133
0.00174200,-2.9725
0.00174400,-2.9914
0.00174600,-2.9734
0.00174800,-3.0043
0.00175000,-3.0290
0.00175200,-2.9558
0.00175400,-2.9765
0.00175600,-3.0177
0.00175800,-3.0188
0.00176000,-2.9456
0.00176200,-2.9595
0.00176400,-2.9609
0.00176600,-2.9548
0.00176800,-2.9954
0.00177000,-2.9391
0.00177200,-2.9502
0.00177400,-2.9501
0.00177600,-3.0059
0.00177800,-2.9432
0.00178000,-2.9262
0.00178200,-2.9062
0.00178400,-2.9430
0.00178600,-2.8948
0.00178800,-2.9174
0.00179000,-2.8762
0.00179200,-2.8590
0.00179400,-2.8711
0.00179600,-2.8794
0.00179800,-2.8656
0.00180000,-2.9029
0.00180200,-2.8282
0.00180400,-2.8361
0.00180600,-2.8032
0.00180800,-2.7854
0.00181000,-2.7459
0.00181200,-2.7934
0.00181400,-2.7578
0.00181600,-2.7098
0.00181800,-2.7653
0.00182000,-2.6909
0.00182200,-2.6922
0.00182400,-2.6435
0.00182600,-2.6758
0.00182800,-2.5983
0.00183000,-2.6774
0.00183200,-2.6603
0.00183400,-2.5530
0.00183600,-2.6203
0.00183800,-2.5129
0.00184000,-2.5052
0.00184200,-2.4832
0.00184400,-2.5390
0.00184600,-2.4429
0.00184800,-2.4850
0.00185000,-2.4644
0.00185200,-2.3569
0.00185400,-2.3345
0.00185600,-2.3302
0.00185800,-2.3352
0.00186000,-2.2735
0.00186200,-2.3111
0.00186400,-2.2782
0.00186600,-2.2570
0.00186800,-2.2579
0.00187000,-2.1705
0.00187200,-2.1476
0.00187400,-2.1575
0.00187600,-2.0591
0.00187800,-2.0489
0.00188000,-2.0371
0.00188200,-2.0386
0.00188400,-2.0468
0.00188600,-1.9956
0.00188800,-1.9059
0.00189000,-1.9512
0.00189200,-1.8629
0.00189400,-1.8218
0.00189600,-1.8021
0.00189800,-1.7818
0.00190000,-1.7172
0.00190200,-1.7057
0.00190400,-1.6693
0.00190600,-1.6251
0.00190800,-1.6131
0.00191000,-1.5892
0.00191200,-1.6124
0.00191400,-1.5731
0.00191600,-1.4729
0.00191800,-1.5213
0.00192000,-1.4453
0.00192200,-1.3979
0.00192400,-1.3825
0.00192600,-1.3088
0.00192800,-1.3211
0.00193000,-1.2520
0.00193200,-1.2600
0.00193400,-1.1901
0.00193600,-1.1906
0.00193800,-1.1121
0.00194000,-1.1090
0.00194200,-1.0704
0.00194400,-1.0373
0.00194600,-1.0386
0.00194800,-0.9565
0.00195000,-0.9184
0.00195200,-0.8431
0.00195400,-0.8359
0.00195600,-0.8522
0.00195800,-0.8002
0.00196000,-0.7591
0.00196200,-0.7468
0.00196400,-0.7086
0.00196600,-0.6257
0.00196800,-0.6155
0.00197000,-0.5647
0.00197200,-0.5388
0.00197400,-0.4686
0.00197600,-0.4742
0.00197800,-0.4318
0.00198000,-0.3305
0.00198200,-0.3127
0.00198400,-0.3375
0.00198600,-0.3114
0.00198800,-0.2161
0.00199000,-0.1536
0.00199200,-0.1462
0.00199400,-0.0904
0.00199600,-0.0602
0.00199800,0.0017
0.00200000,-0.0096
0.00200200,0.0836
0.00200400,0.0413
0.00200600,0.1321
0.00200800,0.1527
0.00201000,0.1609
0.00201200,0.2009
0.00201400,0.2511
0.00201600,0.2764
0.00201800,0.3286
0.00202000,0.3803
0.00202200,0.3949
0.00202400,0.4429
0.00202600,0.4945
0.00202800,0.4904
0.00203000,0.5841
0.00203200,0.6285
0.00203400,0.6222
0.00203600,0.6976
0.00203800,0.6984
0.00204000,0.7797
0.00204200,0.7491
0.00204400,0.8297
0.00204600,0.8434
0.00204800,0.8911
0.00205000,0.8943
0.00205200,0.9177
0.00205400,0.9790
0.00205600,1.0812
0.00205800,1.0479
0.00206000,1.0955
0.00206200,1.1219
0.00206400,1.1915
0.00206600,1.2479
0.00206800,1.2895
0.00207000,1.3201
0.00207200,1.2734
0.00207400,1.3205
0.00207600,1.3338
0.00207800,1.4365
0.00208000,1.4389
0.00208200,1.4726
0.00208400,1.5377
0.00208600,1.5120
0.00208800,1.5548
0.00209000,1.6475
0.00209200,1.6127
0.00209400,1.6539
0.00209600,1.7279
0.00209800,1.7222
0.00210000,1.8028
0.00210200,1.8335
0.00210400,1.8701
0.00210600,1.8161
0.00210800,1.9224
0.00211000,1.9452
0.00211200,1.9242
0.00211400,1.9791
0.00211600,2.0263
0.00211800,2.0665
0.00212000,2.0146
0.00212200,2.0811
0.00212400,2.1487
0.00212600,2.1611
0.00212800,2.2089
0.00213000,2.2330
0.00213200,2.2173
0.00213400,2.2533
0.00213600,2.2766
0.00213800,2.2970
0.00214000,2.3592
0.00214200,2.3273
0.00214400,2.3987
0.00214600,2.3382
0.00214800,2.4302
0.00215000,2.4414
0.00215200,2.4902
0.00215400,2.4920
0.00215600,2.4745
0.00215800,2.4993
0.00216000,2.5786
0.00216200,2.5737
0.00216400,2.6017
0.00216600,2.6216
0.00216800,2.5792
0.00217000,2.6024
0.00217200,2.6664
0.00217400,2.7014
0.00217600,2.6709
0.00217800,2.6820
0.00218000,2.6968
0.00218200,2.7244
0.00218400,2.7876
0.00218600,2.8015
0.00218800,2.8056
0.00219000,2.8276
0.00219200,2.7748
0.00219400,2.8316
0.00219600,2.8380
0.00219800,2.8212
0.00220000,2.8840
0.00220200,2.8986
0.00220400,2.8650
0.00220600,2.8478
0.00220800,2.9108
0.00221000,2.8891
0.00221200,2.9458
0.00221400,2.8742
0.00221600,2.8840
0.00221800,2.9731
0.00222000,2.9547
0.00222200,2.9243
0.00222400,2.9903
0.00222600,2.9974
0.00222800,3.0036
0.00223000,2.9897
0.00223200,2.9539
0.00223400,2.9591
0.00223600,3.0268
0.00223800,2.9454
0.00224000,2.9940
0.00224200,2.9953
0.00224400,2.9959
0.00224600,2.9921
0.00224800,2.9733
0.00225000,3.0080
0.00225200,3.0083
0.00225400,3.0369
0.00225600,2.9605
0.00225800,2.9978
0.00226000,2.9842
0.00226200,3.0381
0.00226400,2.9518
0.00226600,2.9756
0.00226800,3.0034
0.00227000,3.0029
0.00227200,2.9289
0.00227400,2.9672
0.00227600,2.9135
0.00227800,2.9503
0.00228000,2.9316
0.00228200,2.9794
0.00228400,2.9372
0.00228600,2.9552
0.00228800,2.9178
0.00229000,2.8893
0.00229200,2.8852
0.00229400,2.9361
0.00229600,2.8449
0.00229800,2.8692
0.00230000,2.8525
0.00230200,2.8743
0.00230400,2.8153
0.00230600,2.8432
0.00230800,2.8265
0.00231000,2.7785
0.00231200,2.7476
0.00231400,2.7263
0.00231600,2.7168
0.00231800,2.7772
0.00232000,2.7169
0.00232200,2.7197
0.00232400,2.6625
0.00232600,2.6484
0.00232800,2.6789
0.00233000,2.6113
0.00233200,2.6056
0.00233400,2.6395
0.00233600,2.5517
0.00233800,2.5318
0.00234000,2.4899
0.00234200,2.5287
0.00234400,2.5414
0.00234600,2.4920
0.00234800,2.4318
0.00235000,2.4357
0.00235200,2.4524
0.00235400,2.3367
0.00235600,2.3627
0.00235800,2.3513
0.00236000,2.3389
0.00236200,2.3300
0.00236400,2.2994
0.00236600,2.2236
0.00236800,2.2217
0.00237000,2.1421
0.00237200,2.1398
0.00237400,2.1513
0.00237600,2.1388
0.00237800,2.0946
0.00238000,2.0136
0.00238200,2.0108
0.00238400,2.0033
0.00238600,1.9727
0.00238800,1.9527
0.00239000,1.9172
0.00239200,1.8888
0.00239400,1.8566
0.00239600,1.8314
0.00239800,1.8203
0.00240000,1.8052
0.00240200,1.7655
0.00240400,1.6982
0.00240600,1.6419
0.00240800,1.6452
0.00241000,1.6190
0.00241200,1.6193
0.00241400,1.5012
0.00241600,1.4952
0.00241800,1.4574
0.00242000,1.4829
0.00242200,1.4317
0.00242400,1.3641
0.00242600,1.3309
0.00242800,1.3588
0.00243000,1.2487
0.00243200,1.2188
0.00243400,1.2096
0.00243600,1.1678
0.00243800,1.1689
0.00244000,1.1446
0.00244200,1.0242
0.00244400,1.0648
0.00244600,1.0449
0.00244800,0.9956
0.00245000,0.9231
0.00245200,0.9324
0.00245400,0.8107
0.00245600,0.7986
0.00245800,0.7354
0.00246000,0.7008
0.00246200,0.6966
0.00246400,0.6283
0.00246600,0.6219
0.00246800,0.5823
0.00247000,0.5710
0.00247200,0.5529
0.00247400,0.4937
0.00247600,0.4010
0.00247800,0.3820
0.00248000,0.3519
0.00248200,0.3435
0.00248400,0.2594
0.00248600,0.2435
0.00248800,0.1821
0.00249000,0.2182
0.00249200,0.1237
0.00249400,0.0690
0.00249600,0.0733
0.00249800,0.0830
0.00250000,-0.0217
0.00250200,0.0123
0.00250400,-0.1008
0.00250600,-0.1507
0.00250800,-0.1408
0.00251000,-0.1704
0.00251200,-0.1761
0.00251400,-0.2366
0.00251600,-0.2754
0.00251800,-0.3569
0.00252000,-0.4123
0.00252200,-0.3784
0.00252400,-0.4740
0.00252600,-0.4835
0.00252800,-0.5538
0.00253000,-0.5885
0.00253200,-0.6456
0.00253400,-0.6208
0.00253600,-0.7141
0.00253800,-0.7107
0.00254000,-0.7540
0.00254200,-0.7452
0.00254400,-0.7851
0.00254600,-0.8258
0.00254800,-0.9132
0.00255000,-0.9649
0.00255200,-0.9361
0.00255400,-0.9775
0.00255600,-1.0679
0.00255800,-1.0202
0.00256000,-1.0791
0.00256200,-1.1674
0.00256400,-1.2203
0.00256600,-1.1644
0.00256800,-1.2665
0.00257000,-1.2758
0.00257200,-1.3452
0.00257400,-1.3884
0.00257600,-1.4287
0.00257800,-1.3953
0.00258000,-1.4897
0.00258200,-1.4806
0.00258400,-1.4729
0.00258600,-1.5836
0.00258800,-1.6203
0.00259000,-1.6347
0.00259200,-1.6470
0.00259400,-1.6453
0.00259600,-1.6574
0.00259800,-1.6972
0.00260000,-1.7680
0.00260200,-1.8430
0.00260400,-1.8685
0.00260600,-1.8945
0.00260800,-1.8475
0.00261000,-1.8962
0.00261200,-1.9419
0.00261400,-2.0077
0.00261600,-2.0218
0.00261800,-2.0423
0.00262000,-2.0952
0.00262200,-2.0918
0.00262400,-2.1284
0.00262600,-2.1037
0.00262800,-2.1474
0.00263000,-2.1378
0.00263200,-2.2196
0.00263400,-2.2176
0.00263600,-2.2945
0.00263800,-2.2514
0.00264000,-2.2706
0.00264200,-2.3373
0.00264400,-2.3978
0.00264600,-2.3541
0.00264800,-2.4137
0.00265000,-2.3882
0.00265200,-2.4911
0.00265400,-2.4528
0.00265600,-2.4991
0.00265800,-2.5381
0.00266000,-2.5583
0.00266200,-2.5883
0.00266400,-2.5784
0.00266600,-2.6076
0.00266800,-2.6297
0.00267000,-2.6594
0.00267200,-2.6561
0.00267400,-2.6305
0.00267600,-2.6380
0.00267800,-2.7205
0.00268000,-2.6920
0.00268200,-2.6883
0.00268400,-2.7858
0.00268600,-2.7603
0.00268800,-2.7655
0.00269000,-2.7957
0.00269200,-2.8093
0.00269400,-2.7958
0.00269600,-2.8152
0.00269800,-2.8439
0.00270000,-2.8331
0.00270200,-2.8551
0.00270400,-2.8284
0.00270600,-2.8616
0.00270800,-2.8890
0.00271000,-2.8597
0.00271200,-2.9071
0.00271400,-2.9600
0.00271600,-2.9417
0.00271800,-2.9186
0.00272000,-2.9687
0.00272200,-2.9877
0.00272400,-2.9196
0.00272600,-2.9921
0.00272800,-3.0124
0.00273000,-2.9572
0.00273200,-3.0078
0.00273400,-2.9611
0.00273600,-2.9743
0.00273800,-2.9943
0.00274000,-3.0391
0.00274200,-2.9687
0.00274400,-2.9536
0.00274600,-3.0428
0.00274800,-2.9821
0.00275000,-2.9988
0.00275200,-3.0372
0.00275400,-3.0438
0.00275600,-3.0315
0.00275800,-3.0031
0.00276000,-2.9720
0.00276200,-2.9606
0.00276400,-2.9471
0.00276600,-2.9626
0.00276800,-3.0096
0.00277000,-2.9397
0.00277200,-2.9323
0.00277400,-2.9641
0.00277600,-2.9675
0.00277800,-2.9945
0.00278000,-2.9609
0.00278200,-2.9635
0.00278400,-2.9714
0.00278600,-2.9579
0.00278800,-2.8919
0.00279000,-2.9520
0.00279200,-2.8613
0.00279400,-2.9150
0.00279600,-2.8563
0.00279800,-2.8549
0.00280000,-2.8725
0.00280200,-2.8205
0.00280400,-2.8534
0.00280600,-2.8429
0.00280800,-2.7900
0.00281000,-2.7815
0.00281200,-2.7357
0.00281400,-2.7917
0.00281600,-2.7045
0.00281800,-2.7685
0.00282000,-2.7194
0.00282200,-2.6539
0.00282400,-2.6395
0.00282600,-2.7097
0.00282800,-2.6602
0.00283000,-2.6014
0.00283200,-2.6267
0.00283400,-2.6270
0.00283600,-2.5394
0.00283800,-2.5590
0.00284000,-2.4993
0.00284200,-2.5540
0.00284400,-2.4650
0.00284600,-2.4245
0.00284800,-2.4160
0.00285000,-2.3862
0.00285200,-2.4124
0.00285400,-2.3609
0.00285600,-2.3594
0.00285800,-2.3395
0.00286000,-2.3463
0.00286200,-2.3337
0.00286400,-2.2432
0.00286600,-2.2604
0.00286800,-2.1903
0.00287000,-2.2176
0.00287200,-2.1702
0.00287400,-2.1600
0.00287600,-2.1424
0.00287800,-2.0830
0.00288000,-2.0938
0.00288200,-2.0207
0.00288400,-1.9516
0.00288600,-1.9349
0.00288800,-1.9381
0.00289000,-1.9330
0.00289200,-1.8498
0.00289400,-1.8966
0.00289600,-1.8489
0.00289800,-1.8206
0.00290000,-1.7283
0.00290200,-1.7344
0.00290400,-1.7476
0.00290600,-1.6224
0.00290800,-1.6643
0.00291000,-1.6460
0.00291200,-1.5361
0.00291400,-1.5399
0.00291600,-1.4929
0.00291800,-1.4596
0.00292000,-1.4565
0.00292200,-1.3738
0.00292400,-1.3808
0.00292600,-1.3945
0.00292800,-1.2671
0.00293000,-1.2880
0.00293200,-1.2681
0.00293400,-1.2379
0.00293600,-1.1889
0.00293800,-1.1726
0.00294000,-1.1484
0.00294200,-1.0448
0.00294400,-0.9979
0.00294600,-0.9760
0.00294800,-0.9420
0.00295000,-0.8846
0.00295200,-0.8423
0.00295400,-0.8169
0.00295600,-0.8382
0.00295800,-0.8228
0.00296000,-0.7646
0.00296200,-0.7085
0.00296400,-0.6261
0.00296600,-0.5958
0.00296800,-0.5502
0.00297000,-0.5460
0.00297200,-0.5482
0.00297400,-0.5169
0.00297600,-0.4237
0.00297800,-0.4552
0.00298000,-0.3427
0.00298200,-0.2890
0.00298400,-0.3237
0.00298600,-0.3031
0.00298800,-0.2449
0.00299000,-0.1712
0.00299200,-0.1164
0.00299400,-0.1538
0.00299600,-0.0977
0.00299800,-0.0775
0.00300000,0.0430
0.00300200,0.0575
0.00300400,0.1216
0.00300600,0.0935
0.00300800,0.1406
0.00301000,0.1704
0.00301200,0.2579
0.00301400,0.2769
0.00301600,0.3227
0.00301800,0.2938
0.00302000,0.3768
0.00302200,0.4615
0.00302400,0.4189
0.00302600,0.5152
0.00302800,0.5008
0.00303000,0.5507
0.00303200,0.5965
0.00303400,0.5999
0.00303600,0.7055
0.00303800,0.6803
0.00304000,0.7554
0.00304200,0.7740
0.00304400,0.8378
0.00304600,0.8829
0.00304800,0.9012
0.00305000,0.9585
0.00305200,0.9554
0.00305400,1.0341
0.00305600,0.9950
0.00305800,1.0804
0.00306000,1.0915
0.00306200,1.1740
0.00306400,1.1943
0.00306600,1.1768
0.00306800,1.2653
0.00307000,1.2581
0.00307200,1.3448
0.00307400,1.3010
0.00307600,1.3793
0.00307800,1.4487
0.00308000,1.4299
0.00308200,1.4480
0.00308400,1.5608
0.00308600,1.5465
0.00308800,1.5489
0.00309000,1.5949
0.00309200,1.6484
0.00309400,1.6844
0.00309600,1.6854
0.00309800,1.7490
0.00310000,1.7820
0.00310200,1.7915
0.00310400,1.8060
0.00310600,1.8804
0.00310800,1.8807
0.00311000,1.8762
0.00311200,1.9621
0.00311400,1.9362
0.00311600,1.9934
0.00311800,1.9982
0.00312000,2.0186
0.00312200,2.0449
0.00312400,2.1377
0.00312600,2.1227
0.00312800,2.1782
0.00313000,2.2099
0.00313200,2.2453
0.00313400,2.2410
0.00313600,2.2969
0.00313800,2.3124
0.00314000,2.3573
0.00314200,2.2901
0.00314400,2.3626
0.00314600,2.3867
0.00314800,2.4019
0.00315000,2.4042
0.00315200,2.4647
0.00315400,2.4493
0.00315600,2.5315
0.00315800,2.5266
0.00316000,2.5124
0.00316200,2.5454
0.00316400,2.5526
0.00316600,2.5482
0.00316800,2.5836
0.00317000,2.6216
0.00317200,2.6312
0.00317400,2.6272
0.00317600,2.6376
0.00317800,2.6893
0.00318000,2.6937
0.00318200,2.7167
0.00318400,2.7201
0.00318600,2.7746
0.00318800,2.7436
0.00319000,2.7445
0.00319200,2.7966
0.00319400,2.8314
0.00319600,2.8053
0.00319800,2.8181
0.00320000,2.9027
0.00320200,2.9036
0.00320400,2.8269
0.00320600,2.9203
0.00320800,2.8642
0.00321000,2.8686
0.00321200,2.8769
0.00321400,2.9569
0.00321600,2.9790
0.00321800,2.9534
0.00322000,2.9175
0.00322200,2.9892
0.00322400,3.0052
0.00322600,2.9749
0.00322800,2.9279
0.00323000,2.9319
0.00323200,2.9778
0.00323400,2.9773
0.00323600,2.9680
0.00323800,3.0198
0.00324000,3.0254
0.00324200,2.9766
0.00324400,2.9589
0.00324600,2.9959
0.00324800,3.0096
0.00325000,2.9594
0.00325200,3.0301
0.00325400,2.9690
0.00325600,3.0395
0.00325800,3.0223
0.00326000,2.9964
0.00326200,3.0116
0.00326400,2.9978
0.00326600,3.0137
0.00326800,3.0170
0.00327000,2.9435
0.00327200,2.9876
0.00327400,2.9542
0.00327600,3.0033
0.00327800,2.9613
0.00328000,2.9863
0.00328200,2.8958
0.00328400,2.8828
0.00328600,2.8963
0.00328800,2.8708
0.00329000,2.9348
0.00329200,2.9090
0.00329400,2.8822
0.00329600,2.8404
0.00329800,2.8247
0.00330000,2.8674
0.00330200,2.8130
0.00330400,2.7821
0.00330600,2.8521
0.00330800,2.8366
0.00331000,2.7944
0.00331200,2.8039
0.00331400,2.7728
0.00331600,2.7615
0.00331800,2.7549
0.00332000,2.6876
0.00332200,2.7398
0.00332400,2.6956
0.00332600,2.6714
0.00332800,2.6778
0.00333000,2.6539
0.00333200,2.6571
0.00333400,2.6263
0.00333600,2.6155
0.00333800,2.5050
0.00334000,2.5653
0.00334200,2.4981
0.00334400,2.4544
0.00334600,2.4510
0.00334800,2.4028
0.00335000,2.4120
0.00335200,2.3844
0.00335400,2.3449
0.00335600,2.3640
0.00335800,2.3659
0.00336000,2.3040
0.00336200,2.2495
0.00336400,2.2487
0.00336600,2.2232
0.00336800,2.2552
0.00337000,2.1431
0.00337200,2.1439
0.00337400,2.1099
0.00337600,2.0745
0.00337800,2.1000
0.00338000,2.0192
0.00338200,2.0742
0.00338400,1.9936
0.00338600,1.9348
0.00338800,1.9506
0.00339000,1.8863
0.00339200,1.8712
0.00339400,1.9028
0.00339600,1.7974
0.00339800,1.8383
0.00340000,1.7428
0.00340200,1.7564
0.00340400,1.6976
0.00340600,1.6293
0.00340800,1.6735
0.00341000,1.6427
0.00341200,1.6183
0.00341400,1.5554
0.00341600,1.4852
0.00341800,1.4624
0.00342000,1.4788
0.00342200,1.4330
0.00342400,1.3574
0.00342600,1.3768
0.00342800,1.3376
0.00343000,1.2911
0.00343200,1.2227
0.00343400,1.2036
0.00343600,1.1279
0.00343800,1.1389
0.00344000,1.1217
0.00344200,1.1099
0.00344400,1.0242
0.00344600,1.0264
0.00344800,0.9791
0.00345000,0.9114
0.00345200,0.8842
0.00345400,0.8356
0.00345600,0.7893
0.00345800,0.7826
0.00346000,0.7271
0.00346200,0.7209
0.00346400,0.6723
0.00346600,0.6833
0.00346800,0.5670
0.00347000,0.5703
0.00347200,0.5690
0.00347400,0.5183
0.00347600,0.4121
0.00347800,0.4536
0.00348000,0.3803
0.00348200,0.3149
0.00348400,0.2961
0.00348600,0.2967
0.00348800,0.1990
0.00349000,0.1508
0.00349200,0.1411
0.00349400,0.1574
0.00349600,0.0665
0.00349800,0.0238
0.00350000,0.0491
0.00350200,-0.0437
0.00350400,-0.0988
0.00350600,-0.1524
0.00350800,-0.1784
0.00351000,-0.2173
0.00351200,-0.2679
0.00351400,-0.2140
0.00351600,-0.2935
0.00351800,-0.3318
0.00352000,-0.3410
0.00352200,-0.4092
0.00352400,-0.4037
0.00352600,-0.5136
0.00352800,-0.5204
0.00353000,-0.5177
0.00353200,-0.6144
0.00353400,-0.6397
0.00353600,-0.6837
0.00353800,-0.6638
0.00354000,-0.7526
0.00354200,-0.7720
0.00354400,-0.8653
0.00354600,-0.8316
0.00354800,-0.8979
0.00355000,-0.8962
0.00355200,-0.9596
0.00355400,-1.0244
0.00355600,-1.0442
0.00355800,-1.0951
0.00356000,-1.0581
0.00356200,-1.1097
0.00356400,-1.1910
0.00356600,-1.1904
0.00356800,-1.1984
0.00357000,-1.2909
0.00357200,-1.3445
0.00357400,-1.3701
0.00357600,-1.3854
0.00357800,-1.4426
0.00358000,-1.4227
0.00358200,-1.5158
0.00358400,-1.5070
0.00358600,-1.5340
0.00358800,-1.6006
0.00359000,-1.5630
0.00359200,-1.6212
0.00359400,-1.6689
0.00359600,-1.6988
0.00359800,-1.6848
0.00360000,-1.7301
0.00360200,-1.7686
0.00360400,-1.8318
0.00360600,-1.8288
0.00360800,-1.8912
0.00361000,-1.9153
0.00361200,-1.9359
0.00361400,-1.9464
0.00361600,-1.9655
0.00361800,-2.0578
0.00362000,-2.0924
0.00362200,-2.1004
0.00362400,-2.1287
0.00362600,-2.1440
0.00362800,-2.1227
0.00363000,-2.1856
0.00363200,-2.2598
0.00363400,-2.2629
0.00363600,-2.2808
0.00363800,-2.3239
0.00364000,-2.3150
0.00364200,-2.2862
0.00364400,-2.3531
0.00364600,-2.3444
0.00364800,-2.3688
0.00365000,-2.4315
0.00365200,-2.4231
0.00365400,-2.4387
0.00365600,-2.4703
0.00365800,-2.5438
0.00366000,-2.5057
0.00366200,-2.5245
0.00366400,-2.6136
0.00366600,-2.6248
0.00366800,-2.6180
0.00367000,-2.6279
0.00367200,-2.6789
0.00367400,-2.7139
0.00367600,-2.6921
0.00367800,-2.7129
0.00368000,-2.7286
0.00368200,-2.6894
0.00368400,-2.7941
0.00368600,-2.7921
0.00368800,-2.7390
0.00369000,-2.7871
0.00369200,-2.8126
0.00369400,-2.8219
0.00369600,-2.8110
0.00369800,-2.8898
0.00370000,-2.8923
0.00370200,-2.9121
0.00370400,-2.9176
0.00370600,-2.8886
0.00370800,-2.8492
0.00371000,-2.9250
0.00371200,-2.8880
0.00371400,-2.9187
0.00371600,-2.9153
0.00371800,-2.9059
0.00372000,-2.9586
0.00372200,-2.9681
0.00372400,-2.9740
0.00372600,-2.9751
0.00372800,-3.0202
0.00373000,-2.9548
0.00373200,-2.9642
0.00373400,-2.9528
0.00373600,-2.9668
0.00373800,-3.0356
0.00374000,-2.9668
0.00374200,-3.0103
0.00374400,-2.9648
0.00374600,-3.0324
0.00374800,-2.9663
0.00375000,-3.0217
0.00375200,-3.0478
0.00375400,-2.9709
0.00375600,-2.9529
0.00375800,-2.9787
0.00376000,-2.9564
0.00376200,-2.9571
0.00376400,-2.9654
0.00376600,-2.9371
0.00376800,-2.9691
0.00377000,-2.9914
0.00377200,-2.9649
0.00377400,-2.9182
0.00377600,-3.0030
0.00377800,-3.0020
0.00378000,-2.9731
0.00378200,-2.9752
0.00378400,-2.9109
0.00378600,-2.8740
0.00378800,-2.8808
0.00379000,-2.8585
0.00379200,-2.8660
0.00379400,-2.8981
0.00379600,-2.8909
0.00379800,-2.9027
0.00380000,-2.8338
0.00380200,-2.8779
0.00380400,-2.8423
0.00380600,-2.8483
0.00380800,-2.7805
0.00381000,-2.7982
0.00381200,-2.7858
0.00381400,-2.7729
0.00381600,-2.7633
0.00381800,-2.7614
0.00382000,-2.7006
0.00382200,-2.6849
0.00382400,-2.6854
0.00382600,-2.6629
0.00382800,-2.6422
0.00383000,-2.6120
0.00383200,-2.6025
0.00383400,-2.5578
0.00383600,-2.5944
0.00383800,-2.5143
0.00384000,-2.5470
0.00384200,-2.5329
0.00384400,-2.4644
0.00384600,-2.5158
0.00384800,-2.4758
0.00385000,-2.4603
0.00385200,-2.4138
0.00385400,-2.4164
0.00385600,-2.3709
0.00385800,-2.3464
0.00386000,-2.2791
0.00386200,-2.2399
0.00386400,-2.2404
0.00386600,-2.2107
0.00386800,-2.1889
0.00387000,-2.1686
0.00387200,-2.1295
0.00387400,-2.0944
0.00387600,-2.1162
0.00387800,-2.0322
0.00388000,-2.0303
0.00388200,-2.0290
0.00388400,-1.9751
0.00388600,-2.0051
0.00388800,-1.8915
0.00389000,-1.9305
0.00389200,-1.8724
0.00389400,-1.8632
0.00389600,-1.8466
0.00389800,-1.7466
0.00390000,-1.8098
0.00390200,-1.7051
0.00390400,-1.6982
0.00390600,-1.7176
0.00390800,-1.6543
0.00391000,-1.5883
0.00391200,-1.5656
0.00391400,-1.5080
0.00391600,-1.4638
0.00391800,-1.4622
0.00392000,-1.4858
0.00392200,-1.4486
0.00392400,-1.3525
0.00392600,-1.3600
0.00392800,-1.3565
0.00393000,-1.2417
0.00393200,-1.2697
0.00393400,-1.1937
0.00393600,-1.2006
0.00393800,-1.1273
0.00394000,-1.1507
0.00394200,-1.1083
0.00394400,-1.0191
0.00394600,-1.0150
0.00394800,-0.9698
0.00395000,-0.9245
0.00395200,-0.9119
0.00395400,-0.9003
0.00395600,-0.7721
0.00395800,-0.7383
0.00396000,-0.7466
0.00396200,-0.6708
0.00396400,-0.6838
0.00396600,-0.6821
0.00396800,-0.5978
0.00397000,-0.5417
0.00397200,-0.4978
0.00397400,-0.4948
0.00397600,-0.4954
0.00397800,-0.4034
0.00398000,-0.3280
0.00398200,-0.3769
0.00398400,-0.2841
0.00398600,-0.3076
0.00398800,-0.2610
0.00399000,-0.1771
0.00399200,-0.1804
0.00399400,-0.0810
0.00399600,-0.0545
0.00399800,-0.0847
0.00400000,0.0474
0.00400200,0.0828
0.00400400,0.0498
0.00400600,0.1130
0.00400800,0.1331
0.00401000,0.1752
0.00401200,0.1803
0.00401400,0.2323
0.00401600,0.2669
0.00401800,0.3620
0.00402000,0.3795
0.00402200,0.4158
0.00402400,0.4400
0.00402600,0.4562
0.00402800,0.5233
0.00403000,0.5974
0.00403200,0.5922
0.00403400,0.6216
0.00403600,0.7145
0.00403800,0.6736
0.00404000,0.7723
0.00404200,0.7631
0.00404400,0.8079
0.00404600,0.8141
0.00404800,0.8918
0.00405000,0.9760
0.00405200,1.0097
0.00405400,0.9933
0.00405600,1.0827
0.00405800,1.1007
0.00406000,1.1150
0.00406200,1.1819
0.00406400,1.1297
0.00406600,1.1701
0.00406800,1.2676
0.00407000,1.3199
0.00407200,1.2863
0.00407400,1.3870
0.00407600,1.3382
0.00407800,1.3780
0.00408000,1.4864
0.00408200,1.4767
0.00408400,1.5561
0.00408600,1.5407
0.00408800,1.5352
0.00409000,1.6079
0.00409200,1.6848
0.00409400,1.6833
0.00409600,1.7234
0.00409800,1.7175
0.00410000,1.7347
0.00410200,1.8340
0.00410400,1.8144
0.00410600,1.8531
0.00410800,1.9006
0.00411000,1.9066
0.00411200,1.9712
0.00411400,1.9955
0.00411600,2.0001
0.00411800,2.0580
0.00412000,2.0881
0.00412200,2.0496
0.00412400,2.0840
0.00412600,2.0999
0.00412800,2.1574
0.00413000,2.2318
0.00413200,2.2214
0.00413400,2.2230
0.00413600,2.2444
0.00413800,2.2852
0.00414000,2.3211
0.00414200,2.3085
0.00414400,2.3302
0.00414600,2.4294
0.00414800,2.4402
0.00415000,2.3944
0.00415200,2.4796
0.00415400,2.4849
0.00415600,2.4808
0.00415800,2.5612
0.00416000,2.5709
0.00416200,2.5628
0.00416400,2.6024
0.00416600,2.5770
0.00416800,2.5719
0.00417000,2.6772
0.00417200,2.6168
0.00417400,2.6711
0.00417600,2.7058
0.00417800,2.7274
0.00418000,2.7443
0.00418200,2.7293
0.00418400,2.7738
0.00418600,2.7990
0.00418800,2.8085
0.00419000,2.7871
0.00419200,2.7604
0.00419400,2.7820
0.00419600,2.8115
0.00419800,2.8896
0.00420000,2.8035
0.00420200,2.8842
0.00420400,2.8622
0.00420600,2.8870
0.00420800,2.9374
0.00421000,2.9018
0.00421200,2.8961
0.00421400,2.9409
0.00421600,2.9574
0.00421800,2.9855
0.00422000,2.9894
0.00422200,2.9123
0.00422400,2.9404
0.00422600,2.9405
0.00422800,2.9808
0.00423000,2.9726
0.00423200,2.9952
0.00423400,2.9856
0.00423600,2.9553
0.00423800,3.0392
0.00424000,3.0328
0.00424200,2.9978
0.00424400,3.0449
0.00424600,2.9814
0.00424800,2.9843
0.00425000,3.0354
0.00425200,3.0468
0.00425400,2.9940
0.00425600,3.0399
0.00425800,3.0224
0.00426000,3.0404
0.00426200,2.9619
0.00426400,2.9571
0.00426600,2.9438
0.00426800,3.0249
0.00427000,2.9959
0.00427200,2.9581
0.00427400,3.0135
0.00427600,3.0068
0.00427800,2.9734
0.00428000,2.9437
0.00428200,2.9870
0.00428400,2.9108
0.00428600,2.9022
0.00428800,2.9069
0.00429000,2.9384
0.00429200,2.9208
0.00429400,2.8856
0.00429600,2.8343
0.00429800,2.8546
0.00430000,2.8663
0.00430200,2.7968
0.00430400,2.8400
0.00430600,2.7739
0.00430800,2.8120
0.00431000,2.8087
0.00431200,2.7502
0.00431400,2.7235
0.00431600,2.7515
0.00431800,2.7533
0.00432000,2.6823
0.00432200,2.6734
0.00432400,2.6451
0.00432600,2.6342
0.00432800,2.6908
0.00433000,2.5901
0.00433200,2.5973
0.00433400,2.5499
0.00433600,2.5650
0.00433800,2.5513
0.00434000,2.5165
0.00434200,2.4727
0.00434400,2.4924
0.00434600,2.4763
0.00434800,2.4491
0.00435000,2.4301
0.00435200,2.4094
0.00435400,2.4147
0.00435600,2.3810
0.00435800,2.3551
0.00436000,2.3141
0.00436200,2.3277
0.00436400,2.2851
0.00436600,2.2451
0.00436800,2.2399
0.00437000,2.1758
0.00437200,2.1498
0.00437400,2.0971
0.00437600,2.0997
0.00437800,2.0676
0.00438000,2.0347
0.00438200,1.9944
0.00438400,2.0374
0.00438600,1.9859
0.00438800,1.9268
0.00439000,1.9565
0.00439200,1.8872
0.00439400,1.8470
0.00439600,1.7862
0.00439800,1.7969
0.00440000,1.7178
0.00440200,1.7324
0.00440400,1.6762
0.00440600,1.6339
0.00440800,1.6409
0.00441000,1.6466
0.00441200,1.5939
0.00441400,1.5602
0.00441600,1.5288
0.00441800,1.4933
0.00442000,1.4170
0.00442200,1.3662
0.00442400,1.4173
0.00442600,1.3616
0.00442800,1.2983
0.00443000,1.2847
0.00443200,1.1934
0.00443400,1.1800
0.00443600,1.1931
0.00443800,1.1242
0.00444000,1.0914
0.00444200,1.0246
0.00444400,1.0009
0.00444600,0.9661
0.00444800,0.9506
0.00445000,0.8969
0.00445200,0.9079
0.00445400,0.8652
0.00445600,0.8357
0.00445800,0.7916
0.00446000,0.7581
0.00446200,0.6923
0.00446400,0.6535
0.00446600,0.6199
0.00446800,0.6210
0.00447000,0.5959
0.00447200,0.5077
0.00447400,0.5175
0.00447600,0.4627
0.00447800,0.4072
0.00448000,0.3938
0.00448200,0.3141
0.00448400,0.2784
0.00448600,0.2685
0.00448800,0.2270
0.00449000,0.1847
0.00449200,0.1456
0.00449400,0.1192
0.00449600,0.0620
0.00449800,0.0652
0.00450000,0.0279
0.00450200,-0.0064
0.00450400,-0.1230
0.00450600,-0.1100
0.00450800,-0.1076
0.00451000,-0.2225
0.00451200,-0.1862
0.00451400,-0.2715
0.00451600,-0.2878
0.00451800,-0.3313
0.00452000,-0.3584
0.00452200,-0.4431
0.00452400,-0.4751
0.00452600,-0.4681
0.00452800,-0.4957
0.00453000,-0.5811
0.00453200,-0.5960
0.00453400,-0.5875
0.00453600,-0.6678
0.00453800,-0.7258
0.00454000,-0.7215
0.00454200,-0.7765
0.00454400,-0.8440
0.00454600,-0.9046
0.00454800,-0.8484
0.00455000,-0.9724
0.00455200,-0.9997
0.00455400,-1.0015
0.00455600,-0.9945
0.00455800,-1.0515
0.00456000,-1.1520
0.00456200,-1.1772
0.00456400,-1.1874
0.00456600,-1.2059
0.00456800,-1.2877
0.00457000,-1.3116
0.00457200,-1.3344
0.00457400,-1.2963
0.00457600,-1.3729
0.00457800,-1.3665
0.00458000,-1.4241
0.00458200,-1.4533
0.00458400,-1.4862
0.00458600,-1.5834
0.00458800,-1.5825
0.00459000,-1.5991
0.00459200,-1.6860
0.00459400,-1.6513
0.00459600,-1.6821
0.00459800,-1.6978
0.00460000,-1.7709
0.00460200,-1.8143
0.00460400,-1.8243
0.00460600,-1.8735
0.00460800,-1.8730
0.00461000,-1.9164
0.00461200,-1.9488
0.00461400,-1.9720
0.00461600,-2.0214
0.00461800,-2.0373
0.00462000,-2.0820
0.00462200,-2.0656
0.00462400,-2.0626
0.00462600,-2.1318
0.00462800,-2.1321
0.00463000,-2.2309
0.00463200,-2.2604
0.00463400,-2.2132
0.00463600,-2.3045
0.00463800,-2.2922
0.00464000,-2.3357
0.00464200,-2.2869
0.00464400,-2.3742
0.00464600,-2.3372
0.00464800,-2.3724
0.00465000,-2.4687
0.00465200,-2.4501
0.00465400,-2.4302
0.00465600,-2.4612
0.00465800,-2.5617
0.00466000,-2.5715
0.00466200,-2.5343
0.00466400,-2.6184
0.00466600,-2.5867
0.00466800,-2.5826
0.00467000,-2.5826
0.00467200,-2.6842
0.00467400,-2.6944
0.00467600,-2.6758
0.00467800,-2.6743
0.00468000,-2.6821
0.00468200,-2.7670
0.00468400,-2.7017
0.00468600,-2.7422
0.00468800,-2.8162
0.00469000,-2.8198
0.00469200,-2.8361
0.00469400,-2.7804
0.00469600,-2.7798
0.00469800,-2.8340
0.00470000,-2.8131
0.00470200,-2.8932
0.00470400,-2.9218
0.00470600,-2.8559
0.00470800,-2.8752
0.00471000,-2.9465
0.00471200,-2.9355
0.00471400,-2.9622
0.00471600,-2.9220
0.00471800,-2.9100
0.00472000,-2.9237
0.00472200,-2.9478
0.00472400,-2.9246
0.00472600,-2.9384
0.00472800,-2.9581
0.00473000,-3.0186
0.00473200,-3.0194
0.00473400,-2.9993
0.00473600,-2.9420
0.00473800,-2.9469
0.00474000,-2.9446
0.00474200,-2.9750
0.00474400,-3.0461
0.00474600,-2.9777
0.00474800,-2.9542
0.00475000,-2.9968
0.00475200,-3.0054
0.00475400,-3.0200
0.00475600,-3.0124
0.00475800,-2.9674
0.00476000,-2.9726
0.00476200,-2.9935
0.00476400,-2.9452
0.00476600,-3.0123
0.00476800,-3.0290
0.00477000,-2.9425
0.00477200,-2.9847
0.00477400,-2.9867
0.00477600,-2.9662
0.00477800,-2.9296
0.00478000,-2.9484
0.00478200,-2.9773
0.00478400,-2.8834
0.00478600,-2.9409
0.00478800,-2.9404
0.00479000,-2.8959
0.00479200,-2.9047
0.00479400,-2.8880
0.00479600,-2.8824
0.00479800,-2.8553
0.00480000,-2.8217
0.00480200,-2.8437
0.00480400,-2.8396
0.00480600,-2.8181
0.00480800,-2.8280
0.00481000,-2.7608
0.00481200,-2.8241
0.00481400,-2.7784
0.00481600,-2.7157
0.00481800,-2.7505
0.00482000,-2.7134
0.00482200,-2.7047
0.00482400,-2.6696
0.00482600,-2.6397
0.00482800,-2.6161
0.00483000,-2.6504
0.00483200,-2.6375
0.00483400,-2.6237
0.00483600,-2.5553
0.00483800,-2.5981
0.00484000,-2.4855
0.00484200,-2.4855
0.00484400,-2.5317
0.00484600,-2.4697
0.00484800,-2.4069
0.00485000,-2.4407
0.00485200,-2.3773
0.00485400,-2.3365
0.00485600,-2.4012
0.00485800,-2.3031
0.00486000,-2.2796
0.00486200,-2.2649
0.00486400,-2.2999
0.00486600,-2.1949
0.00486800,-2.2250
0.00487000,-2.2207
0.00487200,-2.1830
0.00487400,-2.1391
0.00487600,-2.0811
0.00487800,-2.0587
0.00488000,-2.0161
0.00488200,-1.9923
0.00488400,-1.9536
0.00488600,-1.9486
0.00488800,-1.9605
0.00489000,-1.9472
0.00489200,-1.8970
0.00489400,-1.8896
0.00489600,-1.8387
0.00489800,-1.7801
0.00490000,-1.7730
0.00490200,-1.7731
0.00490400,-1.6806
0.00490600,-1.6224
0.00490800,-1.6382
0.00491000,-1.5838
0.00491200,-1.5464
0.00491400,-1.5716
0.00491600,-1.4784
0.00491800,-1.4606
0.00492000,-1.4793
0.00492200,-1.4116
0.00492400,-1.3730
0.00492600,-1.3110
0.00492800,-1.3296
0.00493000,-1.2670
0.00493200,-1.2516
0.00493400,-1.1812
0.00493600,-1.1275
0.00493800,-1.1857
0.00494000,-1.1414
0.00494200,-1.0336
0.00494400,-0.9984
0.00494600,-0.9741
0.00494800,-0.9958
0.00495000,-0.9659
0.00495200,-0.9137
0.00495400,-0.8995
0.00495600,-0.8390
0.00495800,-0.7452
0.00496000,-0.7381
0.00496200,-0.7093
0.00496400,-0.6324
0.00496600,-0.6701
0.00496800,-0.6326
0.00497000,-0.5615
0.00497200,-0.5039
0.00497400,-0.4744
0.00497600,-0.4278
0.00497800,-0.4303
0.00498000,-0.4058
0.00498200,-0.3429
0.00498400,-0.3026
0.00498600,-0.2518
0.00498800,-0.1935
0.00499000,-0.2055
0.00499200,-0.1123
0.00499400,-0.0936
0.00499600,-0.0800
0.00499800,-0.0551
0.00500000,0.0137
0.00500200,0.0285
0.00500400,0.0566
0.00500600,0.0634
0.00500800,0.1925
0.00501000,0.1502
0.00501200,0.2421
0.00501400,0.2917
0.00501600,0.3484
0.00501800,0.3714
0.00502000,0.4180
0.00502200,0.4344
0.00502400,0.4917
0.00502600,0.4390
0.00502800,0.5307
0.00503000,0.5503
0.00503200,0.5561
0.00503400,0.5975
0.00503600,0.6413
0.00503800,0.7589
0.00504000,0.7752
0.00504200,0.8155
0.00504400,0.8552
0.00504600,0.8052
0.00504800,0.8569
0.00505000,0.9146
0.00505200,0.9204
0.00505400,1.0462
0.00505600,1.0791
0.00505800,1.0443
0.00506000,1.1438
0.00506200,1.1411
0.00506400,1.1608
0.00506600,1.1667
0.00506800,1.2343
0.00507000,1.3164
0.00507200,1.2826
0.00507400,1.3252
0.00507600,1.3476
0.00507800,1.4047
0.00508000,1.4597
0.00508200,1.4601
0.00508400,1.5130
0.00508600,1.5177
0.00508800,1.5697
0.00509000,1.6392
0.00509200,1.6242
0.00509400,1.6340
0.00509600,1.7243
0.00509800,1.7499
0.00510000,1.8075
0.00510200,1.7441
0.00510400,1.8718
0.00510600,1.8312
0.00510800,1.8568
0.00511000,1.8653
0.00511200,1.9776
0.00511400,1.9707
0.00511600,1.9919
0.00511800,1.9959
0.00512000,2.0087
0.00512200,2.0826
0.00512400,2.1567
0.00512600,2.0883
0.00512800,2.1125
0.00513000,2.1925
0.00513200,2.2303
0.00513400,2.2042
0.00513600,2.3086
0.00513800,2.2382
0.00514000,2.3370
0.00514200,2.3326
0.00514400,2.3312
0.00514600,2.3472
0.00514800,2.4215
0.00515000,2.3927
0.00515200,2.4259
0.00515400,2.4845
0.00515600,2.4576
0.00515800,2.5328
0.00516000,2.5728
0.00516200,2.5468
0.00516400,2.5384
0.00516600,2.6231
0.00516800,2.6286
0.00517000,2.5846
0.00517200,2.6950
0.00517400,2.6366
0.00517600,2.6348
0.00517800,2.7298
0.00518000,2.7563
0.00518200,2.6890
0.00518400,2.7837
0.00518600,2.7420
0.00518800,2.7604
0.00519000,2.8227
0.00519200,2.7953
0.00519400,2.8264
0.00519600,2.8561
0.00519800,2.8317
0.00520000,2.8101
0.00520200,2.8856
0.00520400,2.8718
0.00520600,2.9282
0.00520800,2.8982
0.00521000,2.9114
0.00521200,2.9535
0.00521400,2.8932
0.00521600,2.9651
0.00521800,2.9309
0.00522000,2.9219
0.00522200,2.9539
0.00522400,2.9455
0.00522600,2.9514
0.00522800,2.9941
0.00523000,3.0194
0.00523200,3.0231
0.00523400,2.9855
0.00523600,3.0175
0.00523800,3.0072
0.00524000,3.0364
0.00524200,2.9552
0.00524400,3.0446
0.00524600,2.9641
0.00524800,3.0031
0.00525000,2.9641
0.00525200,2.9718
0.00525400,3.0245
0.00525600,2.9978
0.00525800,2.9920
0.00526000,3.0352
0.00526200,2.9573
0.00526400,3.0351
0.00526600,2.9494
0.00526800,2.9424
0.00527000,2.9573
0.00527200,2.9908
0.00527400,3.0002
0.00527600,2.9376
0.00527800,2.9800
0.00528000,2.9307
0.00528200,2.9536
0.00528400,2.9387
0.00528600,2.8974
0.00528800,2.9095
0.00529000,2.9400
0.00529200,2.9244
0.00529400,2.8571
0.00529600,2.8323
0.00529800,2.8167
0.00530000,2.8275
0.00530200,2.8052
0.00530400,2.8418
0.00530600,2.8571
0.00530800,2.7964
0.00531000,2.7868
0.00531200,2.7267
0.00531400,2.8054
0.00531600,2.7451
0.00531800,2.7259
0.00532000,2.7023
0.00532200,2.7334
0.00532400,2.7247
0.00532600,2.6210
0.00532800,2.6833
0.00533000,2.6048
0.00533200,2.6219
0.00533400,2.5707
0.00533600,2.5961
0.00533800,2.5623
0.00534000,2.5179
0.00534200,2.4697
0.00534400,2.5272
0.00534600,2.4212
0.00534800,2.4820
0.00535000,2.4724
0.00535200,2.4130
0.00535400,2.3712
0.00535600,2.3854
0.00535800,2.3608
0.00536000,2.3039
0.00536200,2.2981
0.00536400,2.2714
0.00536600,2.2735
0.00536800,2.2018
0.00537000,2.2304
0.00537200,2.1955
0.00537400,2.1706
0.00537600,2.0816
0.00537800,2.0439
0.00538000,2.0048
0.00538200,2.0462
0.00538400,2.0140
0.00538600,1.9414
0.00538800,1.9353
0.00539000,1.8808
0.00539200,1.9112
0.00539400,1.8727
0.00539600,1.8234
0.00539800,1.8068
0.00540000,1.7334
0.00540200,1.7201
0.00540400,1.7309
0.00540600,1.6354
0.00540800,1.6691
0.00541000,1.6117
0.00541200,1.5639
0.00541400,1.5213
0.00541600,1.4855
0.00541800,1.4579
0.00542000,1.4492
0.00542200,1.4337
0.00542400,1.3779
0.00542600,1.3793
0.00542800,1.3515
0.00543000,1.2657
0.00543200,1.2001
0.00543400,1.1915
0.00543600,1.1714
0.00543800,1.1148
0.00544000,1.1018
0.00544200,1.0962
0.00544400,1.0792
0.00544600,0.9816
0.00544800,0.9583
0.00545000,0.9089
0.00545200,0.8850
0.00545400,0.8932
0.00545600,0.8477
0.00545800,0.7785
0.00546000,0.7091
0.00546200,0.6722
0.00546400,0.6634
0.00546600,0.6419
0.00546800,0.6448
0.00547000,0.5379
0.00547200,0.5207
0.00547400,0.4922
0.00547600,0.4239
0.00547800,0.4003
0.00548000,0.3674
0.00548200,0.3768
0.00548400,0.3425
0.00548600,0.2137
0.00548800,0.2193
0.00549000,0.2378
0.00549200,0.1930
0.00549400,0.1110
0.00549600,0.0311
0.00549800,0.0181
0.00550000,0.0217
0.00550200,-0.0329
0.00550400,-0.1028
0.00550600,-0.0831
0.00550800,-0.1426
0.00551000,-0.1892
0.00551200,-0.2089
0.00551400,-0.2656
0.00551600,-0.2720
0.00551800,-0.3238
0.00552000,-0.3967
0.00552200,-0.4049
0.00552400,-0.4901
0.00552600,-0.4995
0.00552800,-0.4867
0.00553000,-0.5159
0.00553200,-0.5736
0.00553400,-0.5983
0.00553600,-0.7126
0.00553800,-0.7429
0.00554000,-0.7369
0.00554200,-0.8158
0.00554400,-0.8149
0.00554600,-0.8998
0.00554800,-0.9155
0.00555000,-0.9486
0.00555200,-1.0008
0.00555400,-0.9698
0.00555600,-1.0016
0.00555800,-1.0759
0.00556000,-1.1541
0.00556200,-1.0990
0.00556400,-1.1713
0.00556600,-1.1931
0.00556800,-1.2885
0.00557000,-1.2667
0.00557200,-1.3129
0.00557400,-1.2953
0.00557600,-1.4018
0.00557800,-1.4357
0.00558000,-1.4679
0.00558200,-1.4857
0.00558400,-1.5265
0.00558600,-1.5208
0.00558800,-1.5269
0.00559000,-1.6187
0.00559200,-1.5915
0.00559400,-1.6735
0.00559600,-1.6733
0.00559800,-1.7030
0.00560000,-1.7879
0.00560200,-1.8403
0.00560400,-1.8612
0.00560600,-1.8301
0.00560800,-1.8557
0.00561000,-1.8897
0.00561200,-1.9890
0.00561400,-1.9307
0.00561600,-2.0017
0.00561800,-1.9931
0.00562000,-2.0993
0.00562200,-2.1086
0.00562400,-2.1080
0.00562600,-2.1088
0.00562800,-2.1730
0.00563000,-2.1714
0.00563200,-2.1781
0.00563400,-2.2629
0.00563600,-2.2421
0.00563800,-2.3008
0.00564000,-2.2859
0.00564200,-2.3491
0.00564400,-2.3477
0.00564600,-2.4036
0.00564800,-2.3821
0.00565000,-2.4389
0.00565200,-2.4271
0.00565400,-2.4860
0.00565600,-2.4969
0.00565800,-2.4817
0.00566000,-2.5377
0.00566200,-2.5171
0.00566400,-2.5692
0.00566600,-2.6137
0.00566800,-2.5686
0.00567000,-2.6200
0.00567200,-2.6774
0.00567400,-2.6628
0.00567600,-2.7244
0.00567800,-2.7208
0.00568000,-2.7623
0.00568200,-2.7632
0.00568400,-2.7217
0.00568600,-2.7385
0.00568800,-2.7703
0.00569000,-2.8171
0.00569200,-2.8133
0.00569400,-2.8331
0.00569600,-2.8235
0.00569800,-2.8499
0.00570000,-2.8387
0.00570200,-2.8429
0.00570400,-2.8533
0.00570600,-2.8366
0.00570800,-2.9263
0.00571000,-2.9095
0.00571200,-2.8730
0.00571400,-2.8995
0.00571600,-2.9345
0.00571800,-2.9486
0.00572000,-2.9381
0.00572200,-2.9528
0.00572400,-2.9961
0.00572600,-2.9432
0.00572800,-2.9847
0.00573000,-2.9272
0.00573200,-3.0077
0.00573400,-2.9677
0.00573600,-3.0383
0.00573800,-3.0222
0.00574000,-2.9482
0.00574200,-3.0195
0.00574400,-3.0402
0.00574600,-3.0283
0.00574800,-2.9822
0.00575000,-3.0433
0.00575200,-2.9777
0.00575400,-2.9814
0.00575600,-2.9942
0.00575800,-3.0171
0.00576000,-2.9610
0.00576200,-2.9873
0.00576400,-3.0373
0.00576600,-2.9389
0.00576800,-2.9756
0.00577000,-2.9811
0.00577200,-3.0106
0.00577400,-2.9559
0.00577600,-2.9350
0.00577800,-2.9747
0.00578000,-2.9528
0.00578200,-2.9251
0.00578400,-2.9137
0.00578600,-2.9294
0.00578800,-2.8705
0.00579000,-2.9541
0.00579200,-2.8705
0.00579400,-2.9142
0.00579600,-2.9178
0.00579800,-2.8894
0.00580000,-2.8537
0.00580200,-2.8574
0.00580400,-2.7921
0.00580600,-2.8113
0.00580800,-2.8038
0.00581000,-2.8290
0.00581200,-2.7253
0.00581400,-2.7182
0.00581600,-2.7750
0.00581800,-2.6858
0.00582000,-2.6959
0.00582200,-2.7294
0.00582400,-2.6447
0.00582600,-2.6966
0.00582800,-2.6215
0.00583000,-2.6395
0.00583200,-2.6370
0.00583400,-2.5727
0.00583600,-2.6095
0.00583800,-2.5972
0.00584000,-2.5710
0.00584200,-2.5010
0.00584400,-2.4676
0.00584600,-2.4957
0.00584800,-2.4929
0.00585000,-2.4369
0.00585200,-2.3788
0.00585400,-2.4015
0.00585600,-2.3940
0.00585800,-2.3648
0.00586000,-2.3000
0.00586200,-2.3209
0.00586400,-2.2959
0.00586600,-2.1948
0.00586800,-2.2019
0.00587000,-2.1709
0.00587200,-2.1417
0.00587400,-2.1412
0.00587600,-2.1087
0.00587800,-2.0901
0.00588000,-2.0789
0.00588200,-2.0517
0.00588400,-1.9603
0.00588600,-1.9316
0.00588800,-1.9233
0.00589000,-1.9037
0.00589200,-1.8814
0.00589400,-1.8094
0.00589600,-1.8187
0.00589800,-1.7865
0.00590000,-1.7805
0.00590200,-1.7471
0.00590400,-1.6988
0.00590600,-1.6605
0.00590800,-1.6781
0.00591000,-1.6505
0.00591200,-1.5912
0.00591400,-1.4940
0.00591600,-1.5030
0.00591800,-1.4614
0.00592000,-1.4865
0.00592200,-1.3732
0.00592400,-1.3407
0.00592600,-1.3669
0.00592800,-1.3377
0.00593000,-1.3060
0.00593200,-1.2510
0.00593400,-1.2131
0.00593600,-1.1406
0.00593800,-1.1102
0.00594000,-1.1409
0.00594200,-1.0854
0.00594400,-1.0578
0.00594600,-1.0399
0.00594800,-0.9683
0.00595000,-0.9436
0.00595200,-0.8936
0.00595400,-0.8705
0.00595600,-0.7977
0.00595800,-0.8070
0.00596000,-0.7952
0.00596200,-0.7281
0.00596400,-0.6264
0.00596600,-0.6426
0.00596800,-0.5688
0.00597000,-0.5953
0.00597200,-0.5093
0.00597400,-0.5046
0.00597600,-0.4781
0.00597800,-0.3657
0.00598000,-0.3653
0.00598200,-0.3484
0.00598400,-0.2785
0.00598600,-0.2708
0.00598800,-0.2616
0.00599000,-0.1651
0.00599200,-0.1275
0.00599400,-0.1295
0.00599600,-0.0617
0.00599800,0.0089
0.00600000,-0.0320
0.00600200,0.0077
0.00600400,0.0930
0.00600600,0.0973
0.00600800,0.1142
0.00601000,0.2021
0.00601200,0.1873
0.00601400,0.2186
0.00601600,0.2561
0.00601800,0.3748
0.00602000,0.4259
0.00602200,0.4173
0.00602400,0.4640
0.00602600,0.4763
0.00602800,0.5708
0.00603000,0.5272
0.00603200,0.6177
0.00603400,0.6075
0.00603600,0.6320
0.00603800,0.6686
0.00604000,0.7454
0.00604200,0.8237
0.00604400,0.7902
0.00604600,0.8445
0.00604800,0.8432
0.00605000,0.8962
0.00605200,0.9895
0.00605400,1.0473
0.00605600,0.9848
0.00605800,1.0824
0.00606000,1.0907
0.00606200,1.1403
0.00606400,1.1471
0.00606600,1.1734
0.00606800,1.2417
0.00607000,1.3036
0.00607200,1.2940
0.00607400,1.3743
0.00607600,1.4180
0.00607800,1.3716
0.00608000,1.4931
0.00608200,1.4678
0.00608400,1.5256
0.00608600,1.5881
0.00608800,1.6114
0.00609000,1.5967
0.00609200,1.6497
0.00609400,1.7128
0.00609600,1.7454
0.00609800,1.7801
0.00610000,1.7456
0.00610200,1.8173
0.00610400,1.7958
0.00610600,1.8751
0.00610800,1.9064
0.00611000,1.9057
0.00611200,1.9775
0.00611400,1.9532
0.00611600,1.9613
0.00611800,1.9977
0.00612000,2.0520
0.00612200,2.0615
0.00612400,2.1259
0.00612600,2.1002
0.00612800,2.1359
0.00613000,2.1412
0.00613200,2.1696
0.00613400,2.2200
0.00613600,2.2770
0.00613800,2.2950
0.00614000,2.3397
0.00614200,2.3088
0.00614400,2.3444
0.00614600,2.4273
0.00614800,2.3832
0.00615000,2.4591
0.00615200,2.4560
0.00615400,2.4549
0.00615600,2.5351
0.00615800,2.4951
0.00616000,2.5230
0.00616200,2.5244
0.00616400,2.5862
0.00616600,2.6270
0.00616800,2.6452
0.00617000,2.6399
0.00617200,2.6091
0.00617400,2.7124
0.00617600,2.6354
0.00617800,2.7155
0.00618000,2.7198
0.00618200,2.6994
0.00618400,2.7740
0.00618600,2.7729
0.00618800,2.8169
0.00619000,2.7838
0.00619200,2.7619
0.00619400,2.7927
0.00619600,2.7817
0.00619800,2.8742
0.00620000,2.8969
0.00620200,2.8247
0.00620400,2.8396
0.00620600,2.8511
0.00620800,2.8787
0.00621000,2.8605
0.00621200,2.9158
0.00621400,2.8907
0.00621600,2.9045
0.00621800,2.9505
0.00622000,2.9757
0.00622200,2.9685
0.00622400,2.9174
0.00622600,2.9357
0.00622800,2.9997
0.00623000,2.9899
0.00623200,3.0069
0.00623400,2.9963
0.00623600,3.0023
0.00623800,2.9558
0.00624000,3.0347
0.00624200,3.0325
0.00624400,2.9573
0.00624600,3.0249
0.00624800,2.9513
0.00625000,2.9614
0.00625200,2.9802
0.00625400,2.9817
0.00625600,3.0304
0.00625800,3.0424
0.00626000,2.9957
0.00626200,2.9657
0.00626400,3.0267
0.00626600,2.9585
0.00626800,2.9834
0.00627000,2.9891
0.00627200,2.9463
0.00627400,2.9562
0.00627600,2.9543
0.00627800,2.9085
0.00628000,2.9929
0.00628200,2.9032
0.00628400,2.9371
0.00628600,2.9228
0.00628800,2.9064
0.00629000,2.9431
0.00629200,2.8773
0.00629400,2.8857
0.00629600,2.8710
0.00629800,2.8277
0.00630000,2.9017
0.00630200,2.8461
0.00630400,2.8030
0.00630600,2.7910
0.00630800,2.7995
0.00631000,2.8151
0.00631200,2.7406
0.00631400,2.8061
0.00631600,2.7472
0.00631800,2.6809
0.00632000,2.6907
0.00632200,2.6631
0.00632400,2.6724
0.00632600,2.6560
0.00632800,2.6873
0.00633000,2.6645
0.00633200,2.5614
0.00633400,2.6139
0.00633600,2.5631
0.00633800,2.5988
0.00634000,2.5104
0.00634200,2.5542
0.00634400,2.4711
0.00634600,2.4546
0.00634800,2.4484
0.00635000,2.4408
0.00635200,2.4035
0.00635400,2.4176
0.00635600,2.3780
0.00635800,2.3158
0.00636000,2.3328
0.00636200,2.2757
0.00636400,2.2592
0.00636600,2.2650
0.00636800,2.1838
0.00637000,2.2152
0.00637200,2.1136
0.00637400,2.1718
0.00637600,2.0927
0.00637800,2.1268
0.00638000,2.0225
0.00638200,1.9925
0.00638400,2.0310
0.00638600,1.9979
0.00638800,1.9900
0.00639000,1.9424
0.00639200,1.8637
0.00639400,1.8404
0.00639600,1.8670
0.00639800,1.7568
0.00640000,1.7727
0.00640200,1.7467
0.00640400,1.7377
0.00640600,1.6428
0.00640800,1.6038
0.00641000,1.5676
0.00641200,1.6004
0.00641400,1.5053
0.00641600,1.5196
0.00641800,1.4519
0.00642000,1.4911
0.00642200,1.4395
0.00642400,1.3925
0.00642600,1.3143
0.00642800,1.2727
0.00643000,1.2850
0.00643200,1.2636
0.00643400,1.2061
0.00643600,1.1489
0.00643800,1.1098
0.00644000,1.0585
0.00644200,1.0895
0.00644400,1.0025
0.00644600,0.9610
0.00644800,0.9617
0.00645000,0.9741
0.00645200,0.9182
0.00645400,0.8775
0.00645600,0.8040
0.00645800,0.7861
0.00646000,0.7412
0.00646200,0.7095
0.00646400,0.6324
0.00646600,0.6528
0.00646800,0.5726
0.00647000,0.5390
0.00647200,0.5218
0.00647400,0.4433
0.00647600,0.4980
0.00647800,0.4612
0.00648000,0.3692
0.00648200,0.3829
0.00648400,0.3019
0.00648600,0.2463
0.00648800,0.2350
0.00649000,0.1926
0.00649200,0.1024
0.00649400,0.1003
0.00649600,0.0810
0.00649800,-0.0020
0.00650000,-0.0104
0.00650200,-0.0087
0.00650400,-0.0744
0.00650600,-0.1121
0.00650800,-0.1688
0.00651000,-0.1582
0.00651200,-0.1906
0.00651400,-0.3048
0.00651600,-0.3269
0.00651800,-0.3094
0.00652000,-0.3873
0.00652200,-0.4411
0.00652400,-0.4963
0.00652600,-0.5302
0.00652800,-0.4841
0.00653000,-0.5179
0.00653200,-0.5643
0.00653400,-0.6584
0.00653600,-0.6711
0.00653800,-0.6703
0.00654000,-0.7626
0.00654200,-0.8250
0.00654400,-0.7859
0.00654600,-0.8051
0.00654800,-0.9029
0.00655000,-0.9113
0.00655200,-1.0093
0.00655400,-1.0000
0.00655600,-0.9926
0.00655800,-1.0694
0.00656000,-1.1034
0.00656200,-1.1552
0.00656400,-1.1528
0.00656600,-1.2418
0.00656800,-1.2923
0.00657000,-1.3166
0.00657200,-1.2971
0.00657400,-1.3225
0.00657600,-1.4096
0.00657800,-1.3821
0.00658000,-1.4024
0.00658200,-1.4495
0.00658400,-1.5169
0.00658600,-1.4952
0.00658800,-1.5726
0.00659000,-1.5649
0.00659200,-1.6093
0.00659400,-1.6988
0.00659600,-1.7318
0.00659800,-1.7284
0.00660000,-1.7395
0.00660200,-1.7452
0.00660400,-1.8126
0.00660600,-1.8624
0.00660800,-1.9039
0.00661000,-1.8811
0.00661200,-1.9585
0.00661400,-1.9362
0.00661600,-1.9584
0.00661800,-2.0196
0.00662000,-2.0694
0.00662200,-2.0565
0.00662400,-2.0700
0.00662600,-2.1097
0.00662800,-2.1609
0.00663000,-2.1806
0.00663200,-2.1943
0.00663400,-2.2828
0.00663600,-2.2477
0.00663800,-2.2745
0.00664000,-2.3001
0.00664200,-2.3612
0.00664400,-2.3820
0.00664600,-2.3640
0.00664800,-2.3869
0.00665000,-2.4647
0.00665200,-2.4529
0.00665400,-2.4555
0.00665600,-2.5198
0.00665800,-2.4967
0.00666000,-2.5566
0.00666200,-2.5187
0.00666400,-2.5893
0.00666600,-2.5811
0.00666800,-2.6439
0.00667000,-2.6328
0.00667200,-2.6593
0.00667400,-2.6845
0.00667600,-2.6828
0.00667800,-2.6577
0.00668000,-2.7202
0.00668200,-2.7305
0.00668400,-2.7768
0.00668600,-2.7433
0.00668800,-2.7310
0.00669000,-2.7555
0.00669200,-2.8000
0.00669400,-2.8110
0.00669600,-2.8658
0.00669800,-2.8681
0.00670000,-2.8043
0.00670200,-2.9046
0.00670400,-2.9081
0.00670600,-2.9133
0.00670800,-2.8971
0.00671000,-2.9461
0.00671200,-2.9327
0.00671400,-2.9270
0.00671600,-2.9467
0.00671800,-2.9061
0.00672000,-2.9246
0.00672200,-2.9317
0.00672400,-2.9263
0.00672600,-2.9460
0.00672800,-2.9696
0.00673000,-3.0008
0.00673200,-2.9883
0.00673400,-2.9665
0.00673600,-2.9858
0.00673800,-2.9949
0.00674000,-2.9996
0.00674200,-3.0312
0.00674400,-3.0235
0.00674600,-3.0487
0.00674800,-3.0327
0.00675000,-2.9613
0.00675200,-2.9906
0.00675400,-3.0273
0.00675600,-3.0305
0.00675800,-2.9680
0.00676000,-2.9796
0.00676200,-3.0007
0.00676400,-3.0332
0.00676600,-2.9779
0.00676800,-2.9334
0.00677000,-2.9981
0.00677200,-2.9312
0.00677400,-2.9722
0.00677600,-2.9853
0.00677800,-2.9419
0.00678000,-2.9454
0.00678200,-2.9106
0.00678400,-2.9050
0.00678600,-2.9510
0.00678800,-2.9166
0.00679000,-2.9107
0.00679200,-2.8959
0.00679400,-2.8658
0.00679600,-2.8630
0.00679800,-2.8642
0.00680000,-2.8092
0.00680200,-2.8682
0.00680400,-2.7826
0.00680600,-2.8382
0.00680800,-2.8319
0.00681000,-2.7615
0.00681200,-2.7888
0.00681400,-2.7722
0.00681600,-2.7660
0.00681800,-2.7740
0.00682000,-2.7494
0.00682200,-2.6904
0.00682400,-2.6964
0.00682600,-2.7138
0.00682800,-2.6691
0.00683000,-2.6599
0.00683200,-2.5705
0.00683400,-2.5948
0.00683600,-2.5443
0.00683800,-2.5947
0.00684000,-2.5208
0.00684200,-2.4878
0.00684400,-2.4871
0.00684600,-2.4563
0.00684800,-2.4229
0.00685000,-2.4684
0.00685200,-2.3792
0.00685400,-2.3929
0.00685600,-2.3467
0.00685800,-2.3347
0.00686000,-2.2925
0.00686200,-2.3238
0.00686400,-2.2510
0.00686600,-2.2074
0.00686800,-2.2565
0.00687000,-2.2223
0.00687200,-2.2046
0.00687400,-2.1444
0.00687600,-2.1038
0.00687800,-2.1042
0.00688000,-2.0969
0.00688200,-1.9803
0.00688400,-1.9702
0.00688600,-1.9993
0.00688800,-1.9909
0.00689000,-1.9023
0.00689200,-1.8340
0.00689400,-1.8627
0.00689600,-1.8665
0.00689800,-1.7661
0.00690000,-1.7209
0.00690200,-1.6854
0.00690400,-1.7485
0.00690600,-1.6751
0.00690800,-1.6253
0.00691000,-1.6159
0.00691200,-1.5885
0.00691400,-1.5037
0.00691600,-1.4976
0.00691800,-1.5282
0.00692000,-1.4377
0.00692200,-1.3688
0.00692400,-1.3380
0.00692600,-1.3005
0.00692800,-1.3601
0.00693000,-1.2782
0.00693200,-1.2110
0.00693400,-1.2303
0.00693600,-1.1781
0.00693800,-1.1289
0.00694000,-1.0810
0.00694200,-1.1139
0.00694400,-1.0067
0.00694600,-0.9724
0.00694800,-0.9638
0.00695000,-0.9732
0.00695200,-0.8637
0.00695400,-0.8987
0.00695600,-0.8518
0.00695800,-0.7638
0.00696000,-0.7710
0.00696200,-0.7145
0.00696400,-0.6249
0.00696600,-0.5960
0.00696800,-0.6267
0.00697000,-0.5780
0.00697200,-0.5704
0.00697400,-0.4626
0.00697600,-0.4289
0.00697800,-0.4599
0.00698000,-0.3782
0.00698200,-0.3669
0.00698400,-0.2868
0.00698600,-0.2753
0.00698800,-0.1988
0.00699000,-0.2249
0.00699200,-0.1022
0.00699400,-0.0821
0.00699600,-0.0853
0.00699800,-0.0379
0.00700000,-0.0077
0.00700200,0.0535
0.00700400,0.0390
0.00700600,0.1250
0.00700800,0.1330
0.00701000,0.1800
0.00701200,0.2717
0.00701400,0.2838
0.00701600,0.2934
0.00701800,0.3081
0.00702000,0.3742
0.00702200,0.3788
0.00702400,0.4681
0.00702600,0.5247
0.00702800,0.4850
0.00703000,0.5453
0.00703200,0.5825
0.00703400,0.6439
0.00703600,0.7084
0.00703800,0.6628
0.00704000,0.7930
0.00704200,0.7821
0.00704400,0.8675
0.00704600,0.8662
0.00704800,0.8607
0.00705000,0.9683
0.00705200,1.0053
0.00705400,0.9710
0.00705600,1.0703
0.00705800,1.0843
0.00706000,1.1352
0.00706200,1.1238
0.00706400,1.1776
0.00706600,1.1659
0.00706800,1.2897
0.00707000,1.3223
0.00707200,1.3205
0.00707400,1.3498
0.00707600,1.3929
0.00707800,1.4498
0.00708000,1.4345
0.00708200,1.5221
0.00708400,1.5291
0.00708600,1.5124
0.00708800,1.6241
0.00709000,1.5628
0.00709200,1.6634
0.00709400,1.6412
0.00709600,1.7291
0.00709800,1.7398
0.00710000,1.7431
0.00710200,1.7474
0.00710400,1.7916
0.00710600,1.8986
0.00710800,1.9053
0.00711000,1.9425
0.00711200,1.9689
0.00711400,2.0184
0.00711600,1.9532
0.00711800,2.0020
0.00712000,2.0433
0.00712200,2.0886
0.00712400,2.1181
0.00712600,2.1621
0.00712800,2.1546
0.00713000,2.1646
0.00713200,2.2338
0.00713400,2.2393
0.00713600,2.3075
0.00713800,2.2671
0.00714000,2.2796
0.00714200,2.3294
0.00714400,2.4056
0.00714600,2.3908
0.00714800,2.4141
0.00715000,2.3800
0.00715200,2.4064
0.00715400,2.5056
0.00715600,2.4536
0.00715800,2.4822
0.00716000,2.5486
0.00716200,2.5806
0.00716400,2.5517
0.00716600,2.5865
0.00716800,2.6024
0.00717000,2.6562
0.00717200,2.6465
0.00717400,2.6448
0.00717600,2.7061
0.00717800,2.7379
0.00718000,2.6976
0.00718200,2.7371
0.00718400,2.7285
0.00718600,2.7515
0.00718800,2.7845
0.00719000,2.7980
0.00719200,2.8355
0.00719400,2.8021
0.00719600,2.8410
0.00719800,2.8649
0.00720000,2.8900
0.00720200,2.8184
0.00720400,2.8340
0.00720600,2.8392
0.00720800,2.9184
0.00721000,2.8961
0.00721200,2.8697
0.00721400,2.9517
0.00721600,2.9643
0.00721800,2.9020
0.00722000,2.9011
0.00722200,2.9687
0.00722400,2.9657
0.00722600,2.9810
0.00722800,2.9969
0.00723000,3.0010
0.00723200,3.0057
0.00723400,2.9429
0.00723600,2.9693
0.00723800,2.9763
0.00724000,2.9867
0.00724200,3.0165
0.00724400,2.9954
0.00724600,2.9555
0.00724800,2.9955
0.00725000,3.0219
0.00725200,3.0452
0.00725400,3.0446
0.00725600,2.9500
0.00725800,2.9498
0.00726000,3.0320
0.00726200,2.9464
0.00726400,2.9740
0.00726600,3.0091
0.00726800,2.9814
0.00727000,2.9468
0.00727200,2.9484
0.00727400,2.9514
0.00727600,3.0022
0.00727800,2.9879
0.00728000,2.9809
0.00728200,2.8986
0.00728400,2.9423
0.00728600,2.8872
0.00728800,2.9540
0.00729000,2.8601
0.00729200,2.8669
0.00729400,2.8754
0.00729600,2.8636
0.00729800,2.8369
0.00730000,2.8486
0.00730200,2.7925
0.00730400,2.8162
0.00730600,2.8649
0.00730800,2.7993
0.00731000,2.7661
0.00731200,2.8154
0.00731400,2.7968
0.00731600,2.7287
0.00731800,2.7281
0.00732000,2.7228
0.00732200,2.7061
0.00732400,2.6446
0.00732600,2.6737
0.00732800,2.6098
0.00733000,2.5955
0.00733200,2.5728
0.00733400,2.5791
0.00733600,2.5381
0.00733800,2.5228
0.00734000,2.5705
0.00734200,2.4923
0.00734400,2.4841
0.00734600,2.4514
0.00734800,2.4239
0.00735000,2.4554
0.00735200,2.3763
0.00735400,2.3832
0.00735600,2.3397
0.00735800,2.3680
0.00736000,2.3369
0.00736200,2.2687
0.00736400,2.2456
0.00736600,2.2825
0.00736800,2.1766
0.00737000,2.1425
0.00737200,2.2100
0.00737400,2.0869
0.00737600,2.1412
0.00737800,2.0591
0.00738000,2.0722
0.00738200,1.9880
0.00738400,2.0468
0.00738600,1.9353
0.00738800,1.9624
0.00739000,1.9413
0.00739200,1.8480
0.00739400,1.8903
0.00739600,1.8714
0.00739800,1.8090
0.00740000,1.7880
0.00740200,1.7550
0.00740400,1.7466
0.00740600,1.7205
0.00740800,1.5933
0.00741000,1.6049
0.00741200,1.5486
0.00741400,1.5658
0.00741600,1.4841
0.00741800,1.4626
0.00742000,1.3975
0.00742200,1.4330
0.00742400,1.4245
0.00742600,1.3110
0.00742800,1.2995
0.00743000,1.2647
0.00743200,1.2597
0.00743400,1.1948
0.00743600,1.1973
0.00743800,1.1692
0.00744000,1.1445
0.00744200,1.0899
0.00744400,1.0454
0.00744600,0.9839
0.00744800,0.9198
0.00745000,0.9563
0.00745200,0.9371
0.00745400,0.8449
0.00745600,0.8645
0.00745800,0.7879
0.00746000,0.6988
0.00746200,0.7427
0.00746400,0.6658
0.00746600,0.6658
0.00746800,0.5801
0.00747000,0.5607
0.00747200,0.4924
0.00747400,0.4482
0.00747600,0.4413
0.00747800,0.3656
0.00748000,0.3677
0.00748200,0.3816
0.00748400,0.2667
0.00748600,0.3122
0.00748800,0.2060
0.00749000,0.2084
0.00749200,0.1928
0.00749400,0.1445
0.00749600,0.1095
0.00749800,0.0378
0.00750000,-0.0109
0.00750200,-0.0619
0.00750400,-0.0828
0.00750600,-0.1076
0.00750800,-0.1986
0.00751000,-0.2147
0.00751200,-0.2484
0.00751400,-0.2312
0.00751600,-0.2572
0.00751800,-0.3411
0.00752000,-0.3325
0.00752200,-0.4221
0.00752400,-0.4275
0.00752600,-0.4938
0.00752800,-0.5366
0.00753000,-0.5856
0.00753200,-0.6448
0.00753400,-0.6293
0.00753600,-0.7137
0.00753800,-0.7175
0.00754000,-0.7395
0.00754200,-0.8073
0.00754400,-0.7752
0.00754600,-0.8861
0.00754800,-0.9024
0.00755000,-0.9077
0.00755200,-0.9199
0.00755400,-1.0232
0.00755600,-1.0712
0.00755800,-1.1177
0.00756000,-1.0946
0.00756200,-1.1786
0.00756400,-1.1556
0.00756600,-1.1983
0.00756800,-1.2532
0.00757000,-1.2694
0.00757200,-1.3197
0.00757400,-1.3729
0.00757600,-1.3523
0.00757800,-1.4237
0.00758000,-1.4502
0.00758200,-1.5263
0.00758400,-1.5561
0.00758600,-1.5365
0.00758800,-1.5734
0.00759000,-1.5838
0.00759200,-1.6353
0.00759400,-1.6826
0.00759600,-1.7441
0.00759800,-1.7435
0.00760000,-1.7306
0.00760200,-1.8006
0.00760400,-1.8231
0.00760600,-1.8822
0.00760800,-1.9052
0.00761000,-1.8794
0.00761200,-1.9675
0.00761400,-1.9253
0.00761600,-2.0078
0.00761800,-2.0111
0.00762000,-2.0200
0.00762200,-2.1198
0.00762400,-2.0592
0.00762600,-2.0905
0.00762800,-2.1125
0.00763000,-2.1663
0.00763200,-2.1936
0.00763400,-2.2581
0.00763600,-2.2408
0.00763800,-2.3072
0.00764000,-2.3052
0.00764200,-2.3496
0.00764400,-2.3985
0.00764600,-2.4006
0.00764800,-2.4390
0.00765000,-2.4646
0.00765200,-2.4036
0.00765400,-2.4427
0.00765600,-2.4433
0.00765800,-2.5194
0.00766000,-2.4968
0.00766200,-2.5137
0.00766400,-2.5626
0.00766600,-2.5424
0.00766800,-2.6465
0.00767000,-2.5882
0.00767200,-2.6122
0.00767400,-2.6946
0.00767600,-2.6504
0.00767800,-2.7043
0.00768000,-2.7186
0.00768200,-2.6891
0.00768400,-2.7025
0.00768600,-2.7222
0.00768800,-2.7754
0.00769000,-2.7537
0.00769200,-2.7833
0.00769400,-2.7863
0.00769600,-2.8526
0.00769800,-2.8328
0.00770000,-2.8428
0.00770200,-2.8615
0.00770400,-2.8288
0.00770600,-2.8961
0.00770800,-2.9394
0.00771000,-2.8699
0.00771200,-2.9176
0.00771400,-2.9459
0.00771600,-2.9462
0.00771800,-2.9352
0.00772000,-2.9390
0.00772200,-2.9928
0.00772400,-2.9373
0.00772600,-2.9328
0.00772800,-2.9726
0.00773000,-2.9608
0.00773200,-2.9839
0.00773400,-3.0257
0.00773600,-2.9613
0.00773800,-2.9821
0.00774000,-2.9954
0.00774200,-2.9667
0.00774400,-3.0458
0.00774600,-3.0122
0.00774800,-3.0386
0.00775000,-2.9532
0.00775200,-2.9658
0.00775400,-3.0409
0.00775600,-3.0186
0.00775800,-2.9829
0.00776000,-2.9695
0.00776200,-2.9461
0.00776400,-2.9764
0.00776600,-2.9523
0.00776800,-2.9956
0.00777000,-3.0182
0.00777200,-2.9604
0.00777400,-2.9222
0.00777600,-3.0041
0.00777800,-2.9635
0.00778000,-2.9157
0.00778200,-2.9888
0.00778400,-2.9085
0.00778600,-2.8955
0.00778800,-2.8824
0.00779000,-2.8978
0.00779200,-2.8783
0.00779400,-2.9129
0.00779600,-2.8708
0.00779800,-2.8569
0.00780000,-2.8833
0.00780200,-2.8177
0.00780400,-2.7965
0.00780600,-2.7812
0.00780800,-2.8407
0.00781000,-2.8251
0.00781200,-2.7631
0.00781400,-2.7417
0.00781600,-2.7121
0.00781800,-2.6806
0.00782000,-2.7354
0.00782200,-2.7319
0.00782400,-2.7066
0.00782600,-2.6656
0.00782800,-2.5973
0.00783000,-2.6057
0.00783200,-2.6106
0.00783400,-2.5850
0.00783600,-2.5349
0.00783800,-2.5738
0.00784000,-2.5773
0.00784200,-2.5335
0.00784400,-2.4751
0.00784600,-2.4931
0.00784800,-2.4889
0.00785000,-2.4764
0.00785200,-2.4327
0.00785400,-2.3912
0.00785600,-2.3841
0.00785800,-2.2995
0.00786000,-2.2653
0.00786200,-2.2593
0.00786400,-2.2232
0.00786600,-2.2145
0.00786800,-2.2486
0.00787000,-2.1373
0.00787200,-2.1663
0.00787400,-2.0851
0.00787600,-2.0719
0.00787800,-2.1254
0.00788000,-2.0738
0.00788200,-2.0733
0.00788400,-2.0058
0.00788600,-1.9345
0.00788800,-1.9349
0.00789000,-1.9103
0.00789200,-1.8399
0.00789400,-1.8362
0.00789600,-1.8443
0.00789800,-1.7889
0.00790000,-1.8089
0.00790200,-1.6894
0.00790400,-1.7424
0.00790600,-1.6696
0.00790800,-1.6020
0.00791000,-1.6099
0.00791200,-1.5260
0.00791400,-1.5665
0.00791600,-1.5478
0.00791800,-1.4771
0.00792000,-1.4670
0.00792200,-1.3714
0.00792400,-1.3553
0.00792600,-1.3382
0.00792800,-1.2770
0.00793000,-1.3236
0.00793200,-1.2034
0.00793400,-1.2339
0.00793600,-1.1688
0.00793800,-1.1832
0.00794000,-1.1526
0.00794200,-1.0524
0.00794400,-0.9953
0.00794600,-0.9554
0.00794800,-1.0016
0.00795000,-0.9688
0.00795200,-0.8782
0.00795400,-0.8224
0.00795600,-0.8156
0.00795800,-0.7589
0.00796000,-0.7529
0.00796200,-0.7442
0.00796400,-0.7120
0.00796600,-0.5950
0.00796800,-0.6232
0.00797000,-0.5165
0.00797200,-0.5382
0.00797400,-0.4484
0.00797600,-0.4378
0.00797800,-0.3740
0.00798000,-0.3679
0.00798200,-0.2916
0.00798400,-0.2883
0.00798600,-0.2689
0.00798800,-0.1850
0.00799000,-0.1512
0.00799200,-0.1467
0.00799400,-0.1453
0.00799600,-0.0445
0.00799800,-0.0077
0.00800000,0.0459
0.00800200,0.0329
0.00800400,0.1014
0.00800600,0.1575
0.00800800,0.1291
0.00801000,0.2029
0.00801200,0.2281
0.00801400,0.2890
0.00801600,0.3345
0.00801800,0.3710
0.00802000,0.4184
0.00802200,0.4021
0.00802400,0.4303
0.00802600,0.4843
0.00802800,0.5334
0.00803000,0.5920
0.00803200,0.5507
0.00803400,0.6719
0.00803600,0.7085
0.00803800,0.7370
0.00804000,0.7628
0.00804200,0.7805
0.00804400,0.8169
0.00804600,0.8088
0.00804800,0.8520
0.00805000,0.9040
0.00805200,0.9989
0.00805400,0.9560
0.00805600,0.9910
0.00805800,1.0257
0.00806000,1.1188
0.00806200,1.0895
0.00806400,1.1395
0.00806600,1.1714
0.00806800,1.2926
0.00807000,1.2678
0.00807200,1.2724
0.00807400,1.3053
0.00807600,1.3991
0.00807800,1.4355
0.00808000,1.4521
0.00808200,1.5255
0.00808400,1.5519
0.00808600,1.5070
0.00808800,1.6018
0.00809000,1.5950
0.00809200,1.6701
0.00809400,1.6526
0.00809600,1.6897
0.00809800,1.7583
0.00810000,1.7963
0.00810200,1.8280
0.00810400,1.8496
0.00810600,1.8323
0.00810800,1.8857
0.00811000,1.9465
0.00811200,1.9859
0.00811400,1.9569
0.00811600,2.0411
0.00811800,2.0722
0.00812000,2.0882
0.00812200,2.0776
0.00812400,2.0772
0.00812600,2.0918
0.00812800,2.1905
0.00813000,2.1634
0.00813200,2.2104
0.00813400,2.2086
0.00813600,2.2177
0.00813800,2.2657
0.00814000,2.2777
0.00814200,2.2905
0.00814400,2.3869
0.00814600,2.3958
0.00814800,2.4316
0.00815000,2.4233
0.00815200,2.4631
0.00815400,2.4257
0.00815600,2.4854
0.00815800,2.5293
0.00816000,2.5774
0.00816200,2.5992
0.00816400,2.5828
0.00816600,2.6393
0.00816800,2.6004
0.00817000,2.6373
0.00817200,2.6888
0.00817400,2.6918
0.00817600,2.6774
0.00817800,2.7177
0.00818000,2.7472
0.00818200,2.7688
0.00818400,2.7170
0.00818600,2.7182
0.00818800,2.7724
0.00819000,2.8393
0.00819200,2.8059
0.00819400,2.8059
0.00819600,2.8183
0.00819800,2.8575
0.00820000,2.8789
0.00820200,2.9059
0.00820400,2.8966
0.00820600,2.8473
0.00820800,2.9453
0.00821000,2.9494
0.00821200,2.8734
0.00821400,2.8889
0.00821600,2.9076
0.00821800,2.9031
0.00822000,2.9398
0.00822200,2.9204
0.00822400,2.9191
0.00822600,2.9222
0.00822800,3.0040
0.00823000,3.0001
0.00823200,2.9717
0.00823400,3.0309
0.00823600,2.9774
0.00823800,3.0332
0.00824000,3.0381
0.00824200,3.0295
0.00824400,2.9827
0.00824600,3.0150
0.00824800,3.0266
0.00825000,2.9616
0.00825200,2.9596
0.00825400,3.0214
0.00825600,3.0300
0.00825800,2.9676
0.00826000,2.9594
0.00826200,2.9635
0.00826400,2.9870
0.00826600,2.9931
0.00826800,3.0296
0.00827000,2.9974
0.00827200,2.9230
0.00827400,3.0049
0.00827600,2.9551
0.00827800,2.9555
0.00828000,2.9248
0.00828200,2.9002
0.00828400,2.9368
0.00828600,2.9250
0.00828800,2.8673
0.00829000,2.8776
0.00829200,2.9452
0.00829400,2.9082
0.00829600,2.8865
0.00829800,2.9030
0.00830000,2.8835
0.00830200,2.8661
0.00830400,2.8780
0.00830600,2.8016
0.00830800,2.8127
0.00831000,2.8010
0.00831200,2.7909
0.00831400,2.7985
0.00831600,2.7162
0.00831800,2.7773
0.00832000,2.7421
0.00832200,2.7307
0.00832400,2.7091
0.00832600,2.6668
0.00832800,2.6905
0.00833000,2.6303
0.00833200,2.6157
0.00833400,2.5905
0.00833600,2.6172
0.00833800,2.5534
0.00834000,2.5107
0.00834200,2.4941
0.00834400,2.4755
0.00834600,2.4934
0.00834800,2.4906
0.00835000,2.4596
0.00835200,2.3990
0.00835400,2.4289
0.00835600,2.3794
0.00835800,2.3513
0.00836000,2.3074
0.00836200,2.3034
0.00836400,2.2590
0.00836600,2.2627
0.00836800,2.1966
0.00837000,2.1955
0.00837200,2.1503
0.00837400,2.1151
0.00837600,2.0691
0.00837800,2.0525
0.00838000,2.0052
0.00838200,2.0668
0.00838400,1.9589
0.00838600,1.9844
0.00838800,1.9708
0.00839000,1.8636
0.00839200,1.9179
0.00839400,1.8912
0.00839600,1.8093
0.00839800,1.8219
0.00840000,1.7680
0.00840200,1.7044
0.00840400,1.6670
0.00840600,1.6640
0.00840800,1.5925
0.00841000,1.6437
0.00841200,1.5905
0.00841400,1.5047
0.00841600,1.5102
0.00841800,1.5160
0.00842000,1.4531
0.00842200,1.3678
0.00842400,1.3677
0.00842600,1.3695
0.00842800,1.3531
0.00843000,1.2799
0.00843200,1.1933
0.00843400,1.2370
0.00843600,1.1690
0.00843800,1.1796
0.00844000,1.1331
0.00844200,1.0580
0.00844400,1.0002
0.00844600,1.0027
0.00844800,0.9532
0.00845000,0.8866
0.00845200,0.9163
0.00845400,0.8621
0.00845600,0.8277
0.00845800,0.7927
0.00846000,0.6999
0.00846200,0.7425
0.00846400,0.6924
0.00846600,0.6150
0.00846800,0.5621
0.00847000,0.5571
0.00847200,0.5457
0.00847400,0.5126
0.00847600,0.4049
0.00847800,0.4229
0.00848000,0.4051
0.00848200,0.3631
0.00848400,0.2968
0.00848600,0.2659
0.00848800,0.2242
0.00849000,0.1699
0.00849200,0.1919
0.00849400,0.1459
0.00849600,0.1150
0.00849800,0.0199
0.00850000,-0.0382
0.00850200,-0.0120
0.00850400,-0.1023
0.00850600,-0.0774
0.00850800,-0.1816
0.00851000,-0.1557
0.00851200,-0.1921
0.00851400,-0.3068
0.00851600,-0.2860
0.00851800,-0.3063
0.00852000,-0.4034
0.00852200,-0.3804
0.00852400,-0.4354
0.00852600,-0.4801
0.00852800,-0.4807
0.00853000,-0.5722
0.00853200,-0.6379
0.00853400,-0.6609
0.00853600,-0.6568
0.00853800,-0.6674
0.00854000,-0.7701
0.00854200,-0.8073
0.00854400,-0.8057
0.00854600,-0.8636
0.00854800,-0.8982
0.00855000,-0.9073
0.00855200,-0.9646
0.00855400,-1.0235
0.00855600,-1.0540
0.00855800,-1.0902
0.00856000,-1.1103
0.00856200,-1.1684
0.00856400,-1.1935
0.00856600,-1.1686
0.00856800,-1.2053
0.00857000,-1.2985
0.00857200,-1.2810
0.00857400,-1.3372
0.00857600,-1.3651
0.00857800,-1.4577
0.00858000,-1.4880
0.00858200,-1.5119
0.00858400,-1.5095
0.00858600,-1.5869
0.00858800,-1.5858
0.00859000,-1.5949
0.00859200,-1.6086
0.00859400,-1.6789
0.00859600,-1.7048
0.00859800,-1.7404
0.00860000,-1.7765
0.00860200,-1.7824
0.00860400,-1.8086
0.00860600,-1.8466
0.00860800,-1.8659
0.00861000,-1.8724
0.00861200,-1.9647
0.00861400,-2.0041
0.00861600,-1.9516
0.00861800,-2.0662
0.00862000,-2.0516
0.00862200,-2.1022
0.00862400,-2.0629
0.00862600,-2.1506
0.00862800,-2.1401
0.00863000,-2.1626
0.00863200,-2.2149
0.00863400,-2.2138
0.00863600,-2.3078
0.00863800,-2.2522
0.00864000,-2.3172
0.00864200,-2.3058
0.00864400,-2.3562
0.00864600,-2.3406
0.00864800,-2.3661
0.00865000,-2.4438
0.00865200,-2.4814
0.00865400,-2.4884
0.00865600,-2.5355
0.00865800,-2.5167
0.00866000,-2.5204
0.00866200,-2.5853
0.00866400,-2.6146
0.00866600,-2.5474
0.00866800,-2.5862
0.00867000,-2.6472
0.00867200,-2.6638
0.00867400,-2.6806
0.00867600,-2.6543
0.00867800,-2.7321
0.00868000,-2.7643
0.00868200,-2.7223
0.00868400,-2.7720
0.00868600,-2.7211
0.00868800,-2.7284
0.00869000,-2.8179
0.00869200,-2.8526
0.00869400,-2.8403
0.00869600,-2.7844
0.00869800,-2.8229
0.00870000,-2.8596
0.00870200,-2.9053
0.00870400,-2.8513
0.00870600,-2.8602
0.00870800,-2.8728
0.00871000,-2.8836
0.00871200,-2.8704
0.00871400,-2.9256
0.00871600,-2.8861
0.00871800,-2.9638
0.00872000,-2.9273
0.00872200,-2.9977
0.00872400,-2.9625
0.00872600,-2.9761
0.00872800,-3.0022
0.00873000,-2.9951
0.00873200,-2.9317
0.00873400,-3.0338
0.00873600,-3.0083
0.00873800,-2.9552
0.00874000,-3.0264
0.00874200,-3.0253
0.00874400,-2.9680
0.00874600,-3.0305
0.00874800,-3.0329
0.00875000,-3.0491
0.00875200,-2.9626
0.00875400,-3.0375
0.00875600,-2.9546
0.00875800,-3.0133
0.00876000,-2.9873
0.00876200,-3.0104
0.00876400,-2.9647
0.00876600,-3.0196
0.00876800,-3.0273
0.00877000,-3.0227
0.00877200,-2.9605
0.00877400,-2.9410
0.00877600,-2.9307
0.00877800,-2.9580
0.00878000,-2.9228
0.00878200,-2.8968
0.00878400,-2.9807
0.00878600,-2.8942
0.00878800,-2.8853
0.00879000,-2.8737
0.00879200,-2.8927
0.00879400,-2.8664
0.00879600,-2.8730
0.00879800,-2.8690
0.00880000,-2.8211
0.00880200,-2.8749
0.00880400,-2.8783
0.00880600,-2.8258
0.00880800,-2.7829
0.00881000,-2.7698
0.00881200,-2.7890
0.00881400,-2.7977
0.00881600,-2.7162
0.00881800,-2.7306
0.00882000,-2.7357
0.00882200,-2.6794
0.00882400,-2.6884
0.00882600,-2.6939
0.00882800,-2.6806
0.00883000,-2.6202
0.00883200,-2.6337
0.00883400,-2.6404
0.00883600,-2.5611
0.00883800,-2.5263
0.00884000,-2.4956
0.00884200,-2.5316
0.00884400,-2.4528
0.00884600,-2.4458
0.00884800,-2.4593
0.00885000,-2.4558
0.00885200,-2.4453
0.00885400,-2.3419
0.00885600,-2.3197
0.00885800,-2.3428
0.00886000,-2.3263
0.00886200,-2.2817
0.00886400,-2.2995
0.00886600,-2.2481
0.00886800,-2.2005
0.00887000,-2.1439
0.00887200,-2.1861
0.00887400,-2.1678
0.00887600,-2.1244
0.00887800,-2.0419
0.00888000,-2.0532
0.00888200,-2.0633
0.00888400,-1.9839
0.00888600,-1.9588
0.00888800,-1.9834
0.00889000,-1.8680
0.00889200,-1.8652
0.00889400,-1.8314
0.00889600,-1.8025
0.00889800,-1.8042
0.00890000,-1.7861
0.00890200,-1.7519
0.00890400,-1.7456
0.00890600,-1.6323
0.00890800,-1.6434
0.00891000,-1.6402
0.00891200,-1.5859
0.00891400,-1.5379
0.00891600,-1.5021
0.00891800,-1.5224
0.00892000,-1.4737
0.00892200,-1.4293
0.00892400,-1.4153
0.00892600,-1.3142
0.00892800,-1.3577
0.00893000,-1.3208
0.00893200,-1.2622
0.00893400,-1.2224
0.00893600,-1.1960
0.00893800,-1.1315
0.00894000,-1.1120
0.00894200,-1.0652
0.00894400,-1.0681
0.00894600,-1.0212
0.00894800,-1.0068
0.00895000,-0.8870
0.00895200,-0.8439
0.00895400,-0.8548
0.00895600,-0.8192
0.00895800,-0.8059
0.00896000,-0.7766
0.00896200,-0.6597
0.00896400,-0.6278
0.00896600,-0.6359
0.00896800,-0.6127
0.00897000,-0.5168
0.00897200,-0.5401
0.00897400,-0.4737
0.00897600,-0.4566
0.00897800,-0.4587
0.00898000,-0.4105
0.00898200,-0.2935
0.00898400,-0.3141
0.00898600,-0.2312
0.00898800,-0.2517
0.00899000,-0.2357
0.00899200,-0.1488
0.00899400,-0.1593
0.00899600,-0.0709
0.00899800,-0.0718
0.00900000,0.0115
0.00900200,0.0164
0.00900400,0.0841
0.00900600,0.1001
0.00900800,0.1791
0.00901000,0.1923
0.00901200,0.2013
0.00901400,0.2169
0.00901600,0.2690
0.00901800,0.3310
0.00902000,0.3530
0.00902200,0.4518
0.00902400,0.4581
0.00902600,0.4858
0.00902800,0.5645
0.00903000,0.6090
0.00903200,0.5727
0.00903400,0.6136
0.00903600,0.6785
0.00903800,0.7131
0.00904000,0.7225
0.00904200,0.7788
0.00904400,0.8595
0.00904600,0.8115
0.00904800,0.8745
0.00905000,0.9003
0.00905200,0.9210
0.00905400,1.0073
0.00905600,1.0388
0.00905800,1.0665
0.00906000,1.0961
0.00906200,1.1771
0.00906400,1.1349
0.00906600,1.2543
0.00906800,1.2710
0.00907000,1.3227
0.00907200,1.3549
0.00907400,1.3658
0.00907600,1.4121
0.00907800,1.3764
0.00908000,1.4169
0.00908200,1.4325
0.00908400,1.4942
0.00908600,1.5923
0.00908800,1.5645
0.00909000,1.5612
0.00909200,1.6182
0.00909400,1.6703
0.00909600,1.6777
0.00909800,1.7627
0.00910000,1.7203
0.00910200,1.8221
0.00910400,1.8358
0.00910600,1.8628
0.00910800,1.8611
0.00911000,1.9434
0.00911200,1.9014
0.00911400,2.0011
0.00911600,2.0296
0.00911800,2.0647
0.00912000,2.0427
0.00912200,2.0370
0.00912400,2.1554
0.00912600,2.1270
0.00912800,2.2063
0.00913000,2.1806
0.00913200,2.2193
0.00913400,2.2042
0.00913600,2.2587
0.00913800,2.2948
0.00914000,2.3093
0.00914200,2.3649
0.00914400,2.3556
0.00914600,2.4011
0.00914800,2.3765
0.00915000,2.3921
0.00915200,2.4056
0.00915400,2.4364
0.00915600,2.5104
0.00915800,2.5184
0.00916000,2.5442
0.00916200,2.5501
0.00916400,2.5229
0.00916600,2.5704
0.00916800,2.6214
0.00917000,2.6402
0.00917200,2.6403
0.00917400,2.6750
0.00917600,2.6938
0.00917800,2.6918
0.00918000,2.7588
0.00918200,2.6901
0.00918400,2.6958
0.00918600,2.8080
0.00918800,2.7561
0.00919000,2.7589
0.00919200,2.7965
0.00919400,2.7815
0.00919600,2.7854
0.00919800,2.8606
0.00920000,2.8751
0.00920200,2.8879
0.00920400,2.9182
0.00920600,2.8541
0.00920800,2.8725
0.00921000,2.9032
0.00921200,2.8755
0.00921400,2.8800
0.00921600,2.8998
0.00921800,2.9408
0.00922000,2.9922
0.00922200,2.9233
0.00922400,2.9975
0.00922600,2.9216
0.00922800,2.9768
0.00923000,2.9449
0.00923200,2.9437
0.00923400,2.9542
0.00923600,2.9434
0.00923800,3.0367
0.00924000,2.9709
0.00924200,2.9863
0.00924400,3.0098
0.00924600,3.0112
0.00924800,3.0174
0.00925000,2.9518
0.00925200,2.9957
0.00925400,3.0404
0.00925600,3.0440
0.00925800,3.0304
0.00926000,2.9695
0.00926200,2.9747
0.00926400,3.0086
0.00926600,2.9504
0.00926800,3.0009
0.00927000,3.0250
0.00927200,2.9838
0.00927400,2.9283
0.00927600,2.9566
0.00927800,2.9577
0.00928000,2.9941
0.00928200,2.9142
0.00928400,2.9038
0.00928600,2.8886
0.00928800,2.9191
0.00929000,2.8832
0.00929200,2.9234
0.00929400,2.9031
0.00929600,2.8907
0.00929800,2.8828
0.00930000,2.8764
0.00930200,2.8310
0.00930400,2.8754
0.00930600,2.7904
0.00930800,2.8223
0.00931000,2.8248
0.00931200,2.7976
0.00931400,2.7402
0.00931600,2.7239
0.00931800,2.7039
0.00932000,2.7256
0.00932200,2.6568
0.00932400,2.6816
0.00932600,2.6935
0.00932800,2.6837
0.00933000,2.5897
0.00933200,2.5798
0.00933400,2.6030
0.00933600,2.5930
0.00933800,2.5131
0.00934000,2.5649
0.00934200,2.4941
0.00934400,2.4947
0.00934600,2.4810
0.00934800,2.4863
0.00935000,2.4256
0.00935200,2.3982
0.00935400,2.3652
0.00935600,2.3627
0.00935800,2.3220
0.00936000,2.2842
0.00936200,2.2898
0.00936400,2.2459
0.00936600,2.2648
0.00936800,2.1880
0.00937000,2.1542
0.00937200,2.1848
0.00937400,2.1100
0.00937600,2.1133
0.00937800,2.1247
0.00938000,2.0243
0.00938200,1.9990
0.00938400,1.9794
0.00938600,1.9343
0.00938800,1.9107
0.00939000,1.9295
0.00939200,1.9312
0.00939400,1.8610
0.00939600,1.8471
0.00939800,1.8393
0.00940000,1.7403
0.00940200,1.7025
0.00940400,1.6746
0.00940600,1.6564
0.00940800,1.6110
0.00941000,1.6107
0.00941200,1.5696
0.00941400,1.5582
0.00941600,1.5520
0.00941800,1.4947
0.00942000,1.4901
0.00942200,1.3837
0.00942400,1.3579
0.00942600,1.3486
0.00942800,1.3360
0.00943000,1.2922
0.00943200,1.2080
0.00943400,1.2556
0.00943600,1.2033
0.00943800,1.1626
0.00944000,1.0648
0.00944200,1.0274
0.00944400,1.0442
0.00944600,1.0279
0.00944800,0.9214
0.00945000,0.8848
0.00945200,0.8471
0.00945400,0.8521
0.00945600,0.8051
0.00945800,0.7792
0.00946000,0.7642
0.00946200,0.6760
0.00946400,0.6703
0.00946600,0.6178
0.00946800,0.5901
0.00947000,0.5967
0.00947200,0.5339
0.00947400,0.5328
0.00947600,0.4024
0.00947800,0.4570
0.00948000,0.3468
0.00948200,0.3449
0.00948400,0.3061
0.00948600,0.2401
0.00948800,0.2437
0.00949000,0.1909
0.00949200,0.1768
0.00949400,0.1614
0.00949600,0.1051
0.00949800,0.0143
0.00950000,-0.0171
0.00950200,-0.0326
0.00950400,-0.1112
0.00950600,-0.1190
0.00950800,-0.1052
0.00951000,-0.2016
0.00951200,-0.2344
0.00951400,-0.2752
0.00951600,-0.2666
0.00951800,-0.3333
0.00952000,-0.4228
0.00952200,-0.4446
0.00952400,-0.4740
0.00952600,-0.4664
0.00952800,-0.5186
0.00953000,-0.5307
0.00953200,-0.5786
0.00953400,-0.6572
0.00953600,-0.6756
0.00953800,-0.7025
0.00954000,-0.7921
0.00954200,-0.8076
0.00954400,-0.8614
0.00954600,-0.8069
0.00954800,-0.8715
0.00955000,-0.9419
0.00955200,-0.9523
0.00955400,-0.9687
0.00955600,-1.0380
0.00955800,-1.0699
0.00956000,-1.0987
0.00956200,-1.1097
0.00956400,-1.1609
0.00956600,-1.2016
0.00956800,-1.2590
0.00957000,-1.2790
0.00957200,-1.2724
0.00957400,-1.3374
0.00957600,-1.3742
0.00957800,-1.3739
0.00958000,-1.4233
0.00958200,-1.5079
0.00958400,-1.5026
0.00958600,-1.5838
0.00958800,-1.6031
0.00959000,-1.6263
0.00959200,-1.6282
0.00959400,-1.6933
0.00959600,-1.6801
0.00959800,-1.7361
0.00960000,-1.7931
0.00960200,-1.8315
0.00960400,-1.8616
0.00960600,-1.8284
0.00960800,-1.8443
0.00961000,-1.8758
0.00961200,-1.9633
0.00961400,-2.0132
0.00961600,-2.0467
0.00961800,-2.0254
0.00962000,-2.0544
0.00962200,-2.0374
0.00962400,-2.0771
0.00962600,-2.1527
0.00962800,-2.1721
0.00963000,-2.1797
0.00963200,-2.2176
0.00963400,-2.2083
0.00963600,-2.2745
0.00963800,-2.3087
0.00964000,-2.2789
0.00964200,-2.3601
0.00964400,-2.3129
0.00964600,-2.3809
0.00964800,-2.4320
0.00965000,-2.4391
0.00965200,-2.4194
0.00965400,-2.4354
0.00965600,-2.5376
0.00965800,-2.5075
0.00966000,-2.4967
0.00966200,-2.5288
0.00966400,-2.6183
0.00966600,-2.5419
0.00966800,-2.6558
0.00967000,-2.6005
0.00967200,-2.6288
0.00967400,-2.6596
0.00967600,-2.6976
0.00967800,-2.7028
0.00968000,-2.7174
0.00968200,-2.7370
0.00968400,-2.7749
0.00968600,-2.7388
0.00968800,-2.8145
0.00969000,-2.8227
0.00969200,-2.7810
0.00969400,-2.8063
0.00969600,-2.8302
0.00969800,-2.8475
0.00970000,-2.8689
0.00970200,-2.8189
0.00970400,-2.9055
0.00970600,-2.8568
0.00970800,-2.8612
0.00971000,-2.9099
0.00971200,-2.9397
0.00971400,-2.9164
0.00971600,-2.9621
0.00971800,-2.9551
0.00972000,-2.9836
0.00972200,-2.9940
0.00972400,-2.9669
0.00972600,-2.9333
0.00972800,-2.9831
0.00973000,-3.0104
0.00973200,-3.0002
0.00973400,-2.9714
0.00973600,-2.9966
0.00973800,-3.0306
0.00974000,-2.9530
0.00974200,-3.0444
0.00974400,-2.9893
0.00974600,-3.0166
0.00974800,-2.9706
0.00975000,-2.9790
0.00975200,-2.9500
0.00975400,-3.0330
0.00975600,-3.0120
0.00975800,-2.9598
0.00976000,-2.9499
0.00976200,-2.9437
0.00976400,-2.9913
0.00976600,-2.9684
0.00976800,-2.9384
0.00977000,-2.9347
0.00977200,-3.0058
0.00977400,-2.9544
0.00977600,-2.9304
0.00977800,-2.9656
0.00978000,-2.9485
0.00978200,-2.9226
0.00978400,-2.9076
0.00978600,-2.9171
0.00978800,-2.9339
0.00979000,-2.9238
0.00979200,-2.8821
0.00979400,-2.8641
0.00979600,-2.8608
0.00979800,-2.8182
0.00980000,-2.8281
0.00980200,-2.8473
0.00980400,-2.8031
0.00980600,-2.8554
0.00980800,-2.8360
0.00981000,-2.7925
0.00981200,-2.8005
0.00981400,-2.7162
0.00981600,-2.7797
0.00981800,-2.7694
0.00982000,-2.6719
0.00982200,-2.6919
0.00982400,-2.6480
0.00982600,-2.6521
0.00982800,-2.6098
0.00983000,-2.6335
0.00983200,-2.6445
0.00983400,-2.6049
0.00983600,-2.6140
0.00983800,-2.5050
0.00984000,-2.5379
0.00984200,-2.5403
0.00984400,-2.4939
0.00984600,-2.4664
0.00984800,-2.4561
0.00985000,-2.4486
0.00985200,-2.3889
0.00985400,-2.3937
0.00985600,-2.3563
0.00985800,-2.3563
0.00986000,-2.3061
0.00986200,-2.2631
0.00986400,-2.2441
0.00986600,-2.2071
0.00986800,-2.1660
0.00987000,-2.1507
0.00987200,-2.1357
0.00987400,-2.1290
0.00987600,-2.1047
0.00987800,-2.1269
0.00988000,-2.0882
0.00988200,-2.0120
0.00988400,-2.0290
0.00988600,-1.9298
0.00988800,-1.8970
0.00989000,-1.9013
0.00989200,-1.8961
0.00989400,-1.8360
0.00989600,-1.7932
0.00989800,-1.8427
0.00990000,-1.8122
0.00990200,-1.6879
0.00990400,-1.6897
0.00990600,-1.6903
0.00990800,-1.6784
0.00991000,-1.6540
0.00991200,-1.5379
0.00991400,-1.5698
0.00991600,-1.4646
0.00991800,-1.4598
0.00992000,-1.4421
0.00992200,-1.4316
0.00992400,-1.3630
0.00992600,-1.3015
0.00992800,-1.3469
0.00993000,-1.2624
0.00993200,-1.2133
0.00993400,-1.1610
0.00993600,-1.1282
0.00993800,-1.1093
0.00994000,-1.0571
0.00994200,-1.0686
0.00994400,-1.0169
0.00994600,-0.9908
0.00994800,-1.0121
0.00995000,-0.9130
0.00995200,-0.8892
0.00995400,-0.9026
0.00995600,-0.8024
0.00995800,-0.7440
0.00996000,-0.7194
0.00996200,-0.7079
0.00996400,-0.7067
0.00996600,-0.6434
0.00996800,-0.5963
0.00997000,-0.5667
0.00997200,-0.4834
0.00997400,-0.4409
0.00997600,-0.4137
0.00997800,-0.3677
0.00998000,-0.3800
0.00998200,-0.3593
0.00998400,-0.3084
0.00998600,-0.2863
0.00998800,-0.2302
0.00999000,-0.1954
0.00999200,-0.1967
0.00999400,-0.1039
0.00999600,-0.1155
0.00999800,-0.0839
